views,date
264.542787,2015-07-01T00:00:00Z
270.34005,2015-07-02T00:00:00Z
253.265588,2015-07-03T00:00:00Z
253.088829,2015-07-04T00:00:00Z
266.057125,2015-07-05T00:00:00Z
295.232447,2015-07-06T00:00:00Z
284.852934,2015-07-07T00:00:00Z
284.349313,2015-07-08T00:00:00Z
287.886577,2015-07-09T00:00:00Z
272.928819,2015-07-10T00:00:00Z
256.332749,2015-07-11T00:00:00Z
277.496269,2015-07-12T00:00:00Z
291.507231,2015-07-13T00:00:00Z
285.62343,2015-07-14T00:00:00Z
279.702749,2015-07-15T00:00:00Z
275.494706,2015-07-16T00:00:00Z
265.363827,2015-07-17T00:00:00Z
254.878046,2015-07-18T00:00:00Z
274.995432,2015-07-19T00:00:00Z
291.594028,2015-07-20T00:00:00Z
279.927644,2015-07-21T00:00:00Z
278.059086,2015-07-22T00:00:00Z
276.560959,2015-07-23T00:00:00Z
265.616838,2015-07-24T00:00:00Z
259.88008,2015-07-25T00:00:00Z
273.793015,2015-07-26T00:00:00Z
278.78118,2015-07-27T00:00:00Z
286.076545,2015-07-28T00:00:00Z
298.396278,2015-07-29T00:00:00Z
270.553655,2015-07-30T00:00:00Z
264.423447,2015-07-31T00:00:00Z
254.031394,2015-08-01T00:00:00Z
260.589061,2015-08-02T00:00:00Z
244.65425,2015-08-03T00:00:00Z
270.049948,2015-08-04T00:00:00Z
268.89609,2015-08-05T00:00:00Z
266.350532,2015-08-06T00:00:00Z
266.093608,2015-08-07T00:00:00Z
252.998454,2015-08-08T00:00:00Z
274.011785,2015-08-09T00:00:00Z
271.645974,2015-08-10T00:00:00Z
281.510157,2015-08-11T00:00:00Z
275.514918,2015-08-12T00:00:00Z
273.490639,2015-08-13T00:00:00Z
266.64877,2015-08-14T00:00:00Z
255.128973,2015-08-15T00:00:00Z
277.794226,2015-08-16T00:00:00Z
289.032998,2015-08-17T00:00:00Z
282.907632,2015-08-18T00:00:00Z
277.939741,2015-08-19T00:00:00Z
277.204958,2015-08-20T00:00:00Z
268.864807,2015-08-21T00:00:00Z
258.078689,2015-08-22T00:00:00Z
282.519959,2015-08-23T00:00:00Z
288.348355,2015-08-24T00:00:00Z
286.828095,2015-08-25T00:00:00Z
283.092256,2015-08-26T00:00:00Z
272.073171,2015-08-27T00:00:00Z
264.922452,2015-08-28T00:00:00Z
255.909267,2015-08-29T00:00:00Z
271.658445,2015-08-30T00:00:00Z
286.969369,2015-08-31T00:00:00Z
277.175388,2015-09-01T00:00:00Z
283.209905,2015-09-02T00:00:00Z
287.34736,2015-09-03T00:00:00Z
272.337139,2015-09-04T00:00:00Z
268.422518,2015-09-05T00:00:00Z
292.25404,2015-09-06T00:00:00Z
306.425772,2015-09-07T00:00:00Z
316.571838,2015-09-08T00:00:00Z
294.412148,2015-09-09T00:00:00Z
280.450803,2015-09-10T00:00:00Z
284.32716,2015-09-11T00:00:00Z
273.942201,2015-09-12T00:00:00Z
292.669881,2015-09-13T00:00:00Z
295.846688,2015-09-14T00:00:00Z
293.56954,2015-09-15T00:00:00Z
297.021744,2015-09-16T00:00:00Z
297.512694,2015-09-17T00:00:00Z
278.388148,2015-09-18T00:00:00Z
263.015347,2015-09-19T00:00:00Z
288.762738,2015-09-20T00:00:00Z
304.978344,2015-09-21T00:00:00Z
299.851614,2015-09-22T00:00:00Z
301.224672,2015-09-23T00:00:00Z
294.673691,2015-09-24T00:00:00Z
278.297634,2015-09-25T00:00:00Z
261.605562,2015-09-26T00:00:00Z
285.083276,2015-09-27T00:00:00Z
296.466615,2015-09-28T00:00:00Z
291.466986,2015-09-29T00:00:00Z
287.618502,2015-09-30T00:00:00Z
271.921429,2015-10-01T00:00:00Z
270.151607,2015-10-02T00:00:00Z
258.751742,2015-10-03T00:00:00Z
284.354777,2015-10-04T00:00:00Z
296.780121,2015-10-05T00:00:00Z
310.252624,2015-10-06T00:00:00Z
300.292763,2015-10-07T00:00:00Z
284.003731,2015-10-08T00:00:00Z
276.296587,2015-10-09T00:00:00Z
264.495197,2015-10-10T00:00:00Z
275.900559,2015-10-11T00:00:00Z
298.693418,2015-10-12T00:00:00Z
302.324049,2015-10-13T00:00:00Z
304.437248,2015-10-14T00:00:00Z
299.056485,2015-10-15T00:00:00Z
275.790456,2015-10-16T00:00:00Z
264.802774,2015-10-17T00:00:00Z
286.584148,2015-10-18T00:00:00Z
299.890968,2015-10-19T00:00:00Z
304.620198,2015-10-20T00:00:00Z
298.490393,2015-10-21T00:00:00Z
300.193471,2015-10-22T00:00:00Z
282.999326,2015-10-23T00:00:00Z
264.310245,2015-10-24T00:00:00Z
283.35829,2015-10-25T00:00:00Z
298.041553,2015-10-26T00:00:00Z
299.05218,2015-10-27T00:00:00Z
292.374069,2015-10-28T00:00:00Z
293.789339,2015-10-29T00:00:00Z
275.004936,2015-10-30T00:00:00Z
258.645698,2015-10-31T00:00:00Z
273.714443,2015-11-01T00:00:00Z
298.299826,2015-11-02T00:00:00Z
304.650107,2015-11-03T00:00:00Z
300.623659,2015-11-04T00:00:00Z
293.789433,2015-11-05T00:00:00Z
287.455738,2015-11-06T00:00:00Z
265.579957,2015-11-07T00:00:00Z
289.463195,2015-11-08T00:00:00Z
305.334063,2015-11-09T00:00:00Z
301.091414,2015-11-10T00:00:00Z
289.213009,2015-11-11T00:00:00Z
294.806142,2015-11-12T00:00:00Z
272.254661,2015-11-13T00:00:00Z
258.59023,2015-11-14T00:00:00Z
290.75342,2015-11-15T00:00:00Z
302.159782,2015-11-16T00:00:00Z
285.84019,2015-11-17T00:00:00Z
285.742685,2015-11-18T00:00:00Z
290.707407,2015-11-19T00:00:00Z
279.494821,2015-11-20T00:00:00Z
265.257365,2015-11-21T00:00:00Z
287.187064,2015-11-22T00:00:00Z
296.73843,2015-11-23T00:00:00Z
291.015849,2015-11-24T00:00:00Z
277.74609,2015-11-25T00:00:00Z
273.56235,2015-11-26T00:00:00Z
265.316343,2015-11-27T00:00:00Z
270.001193,2015-11-28T00:00:00Z
286.31683,2015-11-29T00:00:00Z
299.239042,2015-11-30T00:00:00Z
292.104694,2015-12-01T00:00:00Z
291.268249,2015-12-02T00:00:00Z
284.829416,2015-12-03T00:00:00Z
280.25997,2015-12-04T00:00:00Z
261.321725,2015-12-05T00:00:00Z
284.166132,2015-12-06T00:00:00Z
305.591702,2015-12-07T00:00:00Z
298.981602,2015-12-08T00:00:00Z
294.528943,2015-12-09T00:00:00Z
288.164319,2015-12-10T00:00:00Z
283.18471,2015-12-11T00:00:00Z
259.204185,2015-12-12T00:00:00Z
288.988287,2015-12-13T00:00:00Z
303.919804,2015-12-14T00:00:00Z
292.996869,2015-12-15T00:00:00Z
280.420003,2015-12-16T00:00:00Z
273.632771,2015-12-17T00:00:00Z
265.359978,2015-12-18T00:00:00Z
256.322232,2015-12-19T00:00:00Z
271.949861,2015-12-20T00:00:00Z
284.654893,2015-12-21T00:00:00Z
272.056474,2015-12-22T00:00:00Z
261.159653,2015-12-23T00:00:00Z
248.994671,2015-12-24T00:00:00Z
236.567068,2015-12-25T00:00:00Z
263.403143,2015-12-26T00:00:00Z
272.364078,2015-12-27T00:00:00Z
283.363984,2015-12-28T00:00:00Z
288.157183,2015-12-29T00:00:00Z
279.005583,2015-12-30T00:00:00Z
260.395335,2015-12-31T00:00:00Z
269.391451,2016-01-01T00:00:00Z
292.923392,2016-01-02T00:00:00Z
299.49883,2016-01-03T00:00:00Z
305.898529,2016-01-04T00:00:00Z
300.297408,2016-01-05T00:00:00Z
300.678115,2016-01-06T00:00:00Z
304.713202,2016-01-07T00:00:00Z
288.970291,2016-01-08T00:00:00Z
284.898212,2016-01-09T00:00:00Z
308.79835,2016-01-10T00:00:00Z
342.803013,2016-01-11T00:00:00Z
317.057092,2016-01-12T00:00:00Z
308.944119,2016-01-13T00:00:00Z
304.444113,2016-01-14T00:00:00Z
288.739213,2016-01-15T00:00:00Z
277.562846,2016-01-16T00:00:00Z
299.010122,2016-01-17T00:00:00Z
312.077869,2016-01-18T00:00:00Z
310.6942,2016-01-19T00:00:00Z
302.330524,2016-01-20T00:00:00Z
299.256217,2016-01-21T00:00:00Z
293.855444,2016-01-22T00:00:00Z
284.11897,2016-01-23T00:00:00Z
308.509566,2016-01-24T00:00:00Z
319.189451,2016-01-25T00:00:00Z
306.248542,2016-01-26T00:00:00Z
311.78447,2016-01-27T00:00:00Z
305.429396,2016-01-28T00:00:00Z
292.860734,2016-01-29T00:00:00Z
280.442928,2016-01-30T00:00:00Z
309.442984,2016-01-31T00:00:00Z
318.417718,2016-02-01T00:00:00Z
308.080448,2016-02-02T00:00:00Z
306.236069,2016-02-03T00:00:00Z
298.205006,2016-02-04T00:00:00Z
288.291145,2016-02-05T00:00:00Z
278.458366,2016-02-06T00:00:00Z
294.443092,2016-02-07T00:00:00Z
311.012416,2016-02-08T00:00:00Z
296.445525,2016-02-09T00:00:00Z
302.206168,2016-02-10T00:00:00Z
296.033934,2016-02-11T00:00:00Z
285.452176,2016-02-12T00:00:00Z
276.360346,2016-02-13T00:00:00Z
293.033873,2016-02-14T00:00:00Z
308.73302,2016-02-15T00:00:00Z
315.589993,2016-02-16T00:00:00Z
304.432889,2016-02-17T00:00:00Z
300.731186,2016-02-18T00:00:00Z
293.042021,2016-02-19T00:00:00Z
278.730865,2016-02-20T00:00:00Z
303.452594,2016-02-21T00:00:00Z
318.861105,2016-02-22T00:00:00Z
310.597947,2016-02-23T00:00:00Z
303.788833,2016-02-24T00:00:00Z
301.885891,2016-02-25T00:00:00Z
284.928877,2016-02-26T00:00:00Z
274.840608,2016-02-27T00:00:00Z
296.177152,2016-02-28T00:00:00Z
335.898111,2016-02-29T00:00:00Z
306.614522,2016-03-01T00:00:00Z
297.710332,2016-03-02T00:00:00Z
302.308982,2016-03-03T00:00:00Z
291.98297,2016-03-04T00:00:00Z
280.143829,2016-03-05T00:00:00Z
301.260781,2016-03-06T00:00:00Z
308.006355,2016-03-07T00:00:00Z
292.561928,2016-03-08T00:00:00Z
291.232693,2016-03-09T00:00:00Z
278.003413,2016-03-10T00:00:00Z
267.230734,2016-03-11T00:00:00Z
259.953471,2016-03-12T00:00:00Z
279.198265,2016-03-13T00:00:00Z
292.208558,2016-03-14T00:00:00Z
285.460298,2016-03-15T00:00:00Z
286.286397,2016-03-16T00:00:00Z
289.867214,2016-03-17T00:00:00Z
267.411157,2016-03-18T00:00:00Z
256.882572,2016-03-19T00:00:00Z
276.341092,2016-03-20T00:00:00Z
289.192286,2016-03-21T00:00:00Z
276.628993,2016-03-22T00:00:00Z
274.128787,2016-03-23T00:00:00Z
275.701143,2016-03-24T00:00:00Z
270.870821,2016-03-25T00:00:00Z
265.077454,2016-03-26T00:00:00Z
282.050904,2016-03-27T00:00:00Z
297.127542,2016-03-28T00:00:00Z
293.126836,2016-03-29T00:00:00Z
287.588313,2016-03-30T00:00:00Z
280.453014,2016-03-31T00:00:00Z
282.040486,2016-04-01T00:00:00Z
327.251629,2016-04-02T00:00:00Z
359.114588,2016-04-03T00:00:00Z
345.016011,2016-04-04T00:00:00Z
353.30768,2016-04-05T00:00:00Z
355.058066,2016-04-06T00:00:00Z
288.426116,2016-04-07T00:00:00Z
281.833846,2016-04-08T00:00:00Z
271.472693,2016-04-09T00:00:00Z
288.902872,2016-04-10T00:00:00Z
301.643469,2016-04-11T00:00:00Z
293.714454,2016-04-12T00:00:00Z
295.643348,2016-04-13T00:00:00Z
294.916381,2016-04-14T00:00:00Z
274.987232,2016-04-15T00:00:00Z
259.28445,2016-04-16T00:00:00Z
280.435583,2016-04-17T00:00:00Z
301.547803,2016-04-18T00:00:00Z
294.577437,2016-04-19T00:00:00Z
293.295773,2016-04-20T00:00:00Z
304.883241,2016-04-21T00:00:00Z
292.187203,2016-04-22T00:00:00Z
274.347732,2016-04-23T00:00:00Z
293.429524,2016-04-24T00:00:00Z
305.126383,2016-04-25T00:00:00Z
292.830009,2016-04-26T00:00:00Z
293.148892,2016-04-27T00:00:00Z
291.544151,2016-04-28T00:00:00Z
278.73347,2016-04-29T00:00:00Z
264.208051,2016-04-30T00:00:00Z
277.225161,2016-05-01T00:00:00Z
298.173849,2016-05-02T00:00:00Z
296.286403,2016-05-03T00:00:00Z
293.119439,2016-05-04T00:00:00Z
285.947932,2016-05-05T00:00:00Z
284.471514,2016-05-06T00:00:00Z
272.564834,2016-05-07T00:00:00Z
286.315126,2016-05-08T00:00:00Z
300.055738,2016-05-09T00:00:00Z
303.983209,2016-05-10T00:00:00Z
297.359556,2016-05-11T00:00:00Z
284.445901,2016-05-12T00:00:00Z
275.228338,2016-05-13T00:00:00Z
262.282628,2016-05-14T00:00:00Z
283.663874,2016-05-15T00:00:00Z
298.081584,2016-05-16T00:00:00Z
293.516517,2016-05-17T00:00:00Z
294.611751,2016-05-18T00:00:00Z
287.091725,2016-05-19T00:00:00Z
271.528013,2016-05-20T00:00:00Z
273.177179,2016-05-21T00:00:00Z
285.141119,2016-05-22T00:00:00Z
299.693369,2016-05-23T00:00:00Z
286.769362,2016-05-24T00:00:00Z
279.235051,2016-05-25T00:00:00Z
278.106707,2016-05-26T00:00:00Z
263.288391,2016-05-27T00:00:00Z
255.74468,2016-05-28T00:00:00Z
267.013358,2016-05-29T00:00:00Z
285.710639,2016-05-30T00:00:00Z
296.512746,2016-05-31T00:00:00Z
294.960291,2016-06-01T00:00:00Z
280.555037,2016-06-02T00:00:00Z
277.885657,2016-06-03T00:00:00Z
277.640046,2016-06-04T00:00:00Z
288.203108,2016-06-05T00:00:00Z
291.435633,2016-06-06T00:00:00Z
285.370772,2016-06-07T00:00:00Z
279.460994,2016-06-08T00:00:00Z
278.066605,2016-06-09T00:00:00Z
271.873949,2016-06-10T00:00:00Z
268.153389,2016-06-11T00:00:00Z
292.320982,2016-06-12T00:00:00Z
300.554451,2016-06-13T00:00:00Z
295.49847,2016-06-14T00:00:00Z
291.110078,2016-06-15T00:00:00Z
279.319712,2016-06-16T00:00:00Z
265.692508,2016-06-17T00:00:00Z
262.121521,2016-06-18T00:00:00Z
274.139953,2016-06-19T00:00:00Z
294.885696,2016-06-20T00:00:00Z
286.765176,2016-06-21T00:00:00Z
280.922053,2016-06-22T00:00:00Z
283.084054,2016-06-23T00:00:00Z
273.171252,2016-06-24T00:00:00Z
269.655254,2016-06-25T00:00:00Z
274.074308,2016-06-26T00:00:00Z
287.383271,2016-06-27T00:00:00Z
293.224462,2016-06-28T00:00:00Z
287.318574,2016-06-29T00:00:00Z
284.919539,2016-06-30T00:00:00Z
278.539304,2016-07-01T00:00:00Z
263.780261,2016-07-02T00:00:00Z
269.670292,2016-07-03T00:00:00Z
287.008036,2016-07-04T00:00:00Z
288.716991,2016-07-05T00:00:00Z
294.31711,2016-07-06T00:00:00Z
277.77996,2016-07-07T00:00:00Z
259.449522,2016-07-08T00:00:00Z
264.74222,2016-07-09T00:00:00Z
284.542217,2016-07-10T00:00:00Z
289.368193,2016-07-11T00:00:00Z
286.603707,2016-07-12T00:00:00Z
275.00358,2016-07-13T00:00:00Z
270.313094,2016-07-14T00:00:00Z
263.881614,2016-07-15T00:00:00Z
261.979848,2016-07-16T00:00:00Z
268.093896,2016-07-17T00:00:00Z
280.404156,2016-07-18T00:00:00Z
282.429274,2016-07-19T00:00:00Z
292.991824,2016-07-20T00:00:00Z
306.587526,2016-07-21T00:00:00Z
311.051676,2016-07-22T00:00:00Z
305.499818,2016-07-23T00:00:00Z
319.530649,2016-07-24T00:00:00Z
329.881309,2016-07-25T00:00:00Z
337.267802,2016-07-26T00:00:00Z
328.790943,2016-07-27T00:00:00Z
325.162591,2016-07-28T00:00:00Z
322.73303,2016-07-29T00:00:00Z
316.203193,2016-07-30T00:00:00Z
321.219877,2016-07-31T00:00:00Z
332.73655,2016-08-01T00:00:00Z
323.190992,2016-08-02T00:00:00Z
306.43444,2016-08-03T00:00:00Z
296.70731,2016-08-04T00:00:00Z
297.56861,2016-08-05T00:00:00Z
310.393754,2016-08-06T00:00:00Z
317.85228,2016-08-07T00:00:00Z
341.344116,2016-08-08T00:00:00Z
325.592474,2016-08-09T00:00:00Z
326.466019,2016-08-10T00:00:00Z
320.306951,2016-08-11T00:00:00Z
311.379554,2016-08-12T00:00:00Z
309.450745,2016-08-13T00:00:00Z
317.17336,2016-08-14T00:00:00Z
333.059769,2016-08-15T00:00:00Z
311.183087,2016-08-16T00:00:00Z
276.748171,2016-08-17T00:00:00Z
279.82941,2016-08-18T00:00:00Z
282.441865,2016-08-19T00:00:00Z
285.877197,2016-08-20T00:00:00Z
310.732764,2016-08-21T00:00:00Z
310.493445,2016-08-22T00:00:00Z
314.282469,2016-08-23T00:00:00Z
298.236009,2016-08-24T00:00:00Z
299.722758,2016-08-25T00:00:00Z
293.096971,2016-08-26T00:00:00Z
292.16261,2016-08-27T00:00:00Z
296.352369,2016-08-28T00:00:00Z
316.610514,2016-08-29T00:00:00Z
312.374286,2016-08-30T00:00:00Z
311.862414,2016-08-31T00:00:00Z
307.751547,2016-09-01T00:00:00Z
299.11375,2016-09-02T00:00:00Z
301.475108,2016-09-03T00:00:00Z
302.680649,2016-09-04T00:00:00Z
314.968361,2016-09-05T00:00:00Z
311.511253,2016-09-06T00:00:00Z
298.80216,2016-09-07T00:00:00Z
296.375833,2016-09-08T00:00:00Z
281.806742,2016-09-09T00:00:00Z
293.693037,2016-09-10T00:00:00Z
295.615576,2016-09-11T00:00:00Z
299.950073,2016-09-12T00:00:00Z
304.246379,2016-09-13T00:00:00Z
300.333932,2016-09-14T00:00:00Z
306.372919,2016-09-15T00:00:00Z
282.583407,2016-09-16T00:00:00Z
283.505495,2016-09-17T00:00:00Z
294.67852799999997,2016-09-18T00:00:00Z
313.522703,2016-09-19T00:00:00Z
300.276104,2016-09-20T00:00:00Z
293.859673,2016-09-21T00:00:00Z
305.020844,2016-09-22T00:00:00Z
286.974592,2016-09-23T00:00:00Z
277.538887,2016-09-24T00:00:00Z
289.243454,2016-09-25T00:00:00Z
309.692228,2016-09-26T00:00:00Z
292.756096,2016-09-27T00:00:00Z
297.762549,2016-09-28T00:00:00Z
290.296266,2016-09-29T00:00:00Z
275.852043,2016-09-30T00:00:00Z
281.004766,2016-10-01T00:00:00Z
288.024846,2016-10-02T00:00:00Z
302.955699,2016-10-03T00:00:00Z
302.143319,2016-10-04T00:00:00Z
316.531125,2016-10-05T00:00:00Z
297.594322,2016-10-06T00:00:00Z
275.406527,2016-10-07T00:00:00Z
282.093396,2016-10-08T00:00:00Z
295.832458,2016-10-09T00:00:00Z
302.132734,2016-10-10T00:00:00Z
293.358107,2016-10-11T00:00:00Z
299.905441,2016-10-12T00:00:00Z
303.238757,2016-10-13T00:00:00Z
289.536718,2016-10-14T00:00:00Z
301.456482,2016-10-15T00:00:00Z
304.355472,2016-10-16T00:00:00Z
316.854588,2016-10-17T00:00:00Z
309.848011,2016-10-18T00:00:00Z
306.024911,2016-10-19T00:00:00Z
300.65936,2016-10-20T00:00:00Z
288.191509,2016-10-21T00:00:00Z
286.814416,2016-10-22T00:00:00Z
294.803409,2016-10-23T00:00:00Z
307.835987,2016-10-24T00:00:00Z
301.641351,2016-10-25T00:00:00Z
295.192107,2016-10-26T00:00:00Z
290.109926,2016-10-27T00:00:00Z
276.22942,2016-10-28T00:00:00Z
276.717914,2016-10-29T00:00:00Z
290.086464,2016-10-30T00:00:00Z
304.540996,2016-10-31T00:00:00Z
304.16238,2016-11-01T00:00:00Z
309.991971,2016-11-02T00:00:00Z
310.1939,2016-11-03T00:00:00Z
296.850241,2016-11-04T00:00:00Z
298.44043,2016-11-05T00:00:00Z
309.671371,2016-11-06T00:00:00Z
322.003851,2016-11-07T00:00:00Z
314.668764,2016-11-08T00:00:00Z
319.181682,2016-11-09T00:00:00Z
317.533426,2016-11-10T00:00:00Z
299.722968,2016-11-11T00:00:00Z
304.516589,2016-11-12T00:00:00Z
320.449812,2016-11-13T00:00:00Z
334.242978,2016-11-14T00:00:00Z
319.264321,2016-11-15T00:00:00Z
320.731243,2016-11-16T00:00:00Z
312.248391,2016-11-17T00:00:00Z
300.828556,2016-11-18T00:00:00Z
293.894235,2016-11-19T00:00:00Z
304.306683,2016-11-20T00:00:00Z
322.021403,2016-11-21T00:00:00Z
311.639838,2016-11-22T00:00:00Z
298.470939,2016-11-23T00:00:00Z
285.953425,2016-11-24T00:00:00Z
281.117706,2016-11-25T00:00:00Z
305.011924,2016-11-26T00:00:00Z
312.239978,2016-11-27T00:00:00Z
323.810175,2016-11-28T00:00:00Z
323.928733,2016-11-29T00:00:00Z
315.476864,2016-11-30T00:00:00Z
302.905919,2016-12-01T00:00:00Z
293.523554,2016-12-02T00:00:00Z
300.150494,2016-12-03T00:00:00Z
312.273986,2016-12-04T00:00:00Z
323.181452,2016-12-05T00:00:00Z
319.508879,2016-12-06T00:00:00Z
313.134579,2016-12-07T00:00:00Z
312.049477,2016-12-08T00:00:00Z
298.311066,2016-12-09T00:00:00Z
295.956547,2016-12-10T00:00:00Z
298.175834,2016-12-11T00:00:00Z
314.966986,2016-12-12T00:00:00Z
303.699315,2016-12-13T00:00:00Z
299.950925,2016-12-14T00:00:00Z
288.211775,2016-12-15T00:00:00Z
278.684724,2016-12-16T00:00:00Z
280.859248,2016-12-17T00:00:00Z
299.581115,2016-12-18T00:00:00Z
314.171944,2016-12-19T00:00:00Z
303.339834,2016-12-20T00:00:00Z
294.952566,2016-12-21T00:00:00Z
287.317902,2016-12-22T00:00:00Z
270.495421,2016-12-23T00:00:00Z
285.248184,2016-12-24T00:00:00Z
277.675333,2016-12-25T00:00:00Z
304.05166,2016-12-26T00:00:00Z
323.975916,2016-12-27T00:00:00Z
316.691645,2016-12-28T00:00:00Z
323.811202,2016-12-29T00:00:00Z
300.064418,2016-12-30T00:00:00Z
294.172784,2016-12-31T00:00:00Z
313.899249,2017-01-01T00:00:00Z
342.445276,2017-01-02T00:00:00Z
328.45121,2017-01-03T00:00:00Z
319.421029,2017-01-04T00:00:00Z
323.265393,2017-01-05T00:00:00Z
309.547092,2017-01-06T00:00:00Z
322.272812,2017-01-07T00:00:00Z
334.474541,2017-01-08T00:00:00Z
339.857378,2017-01-09T00:00:00Z
325.241603,2017-01-10T00:00:00Z
310.366256,2017-01-11T00:00:00Z
309.23896,2017-01-12T00:00:00Z
307.243907,2017-01-13T00:00:00Z
313.300905,2017-01-14T00:00:00Z
327.877576,2017-01-15T00:00:00Z
335.703843,2017-01-16T00:00:00Z
327.105534,2017-01-17T00:00:00Z
321.178167,2017-01-18T00:00:00Z
323.22697899999997,2017-01-19T00:00:00Z
315.381852,2017-01-20T00:00:00Z
317.64054,2017-01-21T00:00:00Z
339.147168,2017-01-22T00:00:00Z
344.629853,2017-01-23T00:00:00Z
326.699815,2017-01-24T00:00:00Z
321.519059,2017-01-25T00:00:00Z
328.212517,2017-01-26T00:00:00Z
306.663877,2017-01-27T00:00:00Z
316.349568,2017-01-28T00:00:00Z
327.6173,2017-01-29T00:00:00Z
339.322513,2017-01-30T00:00:00Z
323.33759,2017-01-31T00:00:00Z
317.257308,2017-02-01T00:00:00Z
309.810476,2017-02-02T00:00:00Z
301.955141,2017-02-03T00:00:00Z
307.58251,2017-02-04T00:00:00Z
324.352365,2017-02-05T00:00:00Z
337.914936,2017-02-06T00:00:00Z
325.777426,2017-02-07T00:00:00Z
318.85013,2017-02-08T00:00:00Z
314.239556,2017-02-09T00:00:00Z
299.472386,2017-02-10T00:00:00Z
305.87169,2017-02-11T00:00:00Z
329.288102,2017-02-12T00:00:00Z
338.119966,2017-02-13T00:00:00Z
312.885661,2017-02-14T00:00:00Z
317.431197,2017-02-15T00:00:00Z
317.485683,2017-02-16T00:00:00Z
300.530733,2017-02-17T00:00:00Z
309.700283,2017-02-18T00:00:00Z
322.269282,2017-02-19T00:00:00Z
340.002287,2017-02-20T00:00:00Z
328.659343,2017-02-21T00:00:00Z
323.454127,2017-02-22T00:00:00Z
312.012755,2017-02-23T00:00:00Z
298.734494,2017-02-24T00:00:00Z
310.715397,2017-02-25T00:00:00Z
333.700818,2017-02-26T00:00:00Z
350.090498,2017-02-27T00:00:00Z
329.654813,2017-02-28T00:00:00Z
318.117475,2017-03-01T00:00:00Z
317.752335,2017-03-02T00:00:00Z
301.010721,2017-03-03T00:00:00Z
299.088424,2017-03-04T00:00:00Z
313.917501,2017-03-05T00:00:00Z
323.495458,2017-03-06T00:00:00Z
324.484185,2017-03-07T00:00:00Z
317.200119,2017-03-08T00:00:00Z
318.242556,2017-03-09T00:00:00Z
305.576347,2017-03-10T00:00:00Z
306.951523,2017-03-11T00:00:00Z
327.825052,2017-03-12T00:00:00Z
322.859153,2017-03-13T00:00:00Z
322.884789,2017-03-14T00:00:00Z
318.522322,2017-03-15T00:00:00Z
309.674301,2017-03-16T00:00:00Z
305.794468,2017-03-17T00:00:00Z
317.129681,2017-03-18T00:00:00Z
320.244654,2017-03-19T00:00:00Z
327.10814800000003,2017-03-20T00:00:00Z
333.723422,2017-03-21T00:00:00Z
323.796635,2017-03-22T00:00:00Z
313.664108,2017-03-23T00:00:00Z
295.620823,2017-03-24T00:00:00Z
296.582139,2017-03-25T00:00:00Z
305.796026,2017-03-26T00:00:00Z
310.906135,2017-03-27T00:00:00Z
313.065349,2017-03-28T00:00:00Z
310.2771,2017-03-29T00:00:00Z
302.376819,2017-03-30T00:00:00Z
292.306961,2017-03-31T00:00:00Z
290.560261,2017-04-01T00:00:00Z
298.239834,2017-04-02T00:00:00Z
316.934975,2017-04-03T00:00:00Z
316.271484,2017-04-04T00:00:00Z
311.110855,2017-04-05T00:00:00Z
335.352446,2017-04-06T00:00:00Z
333.393028,2017-04-07T00:00:00Z
301.349441,2017-04-08T00:00:00Z
337.329757,2017-04-09T00:00:00Z
349.059507,2017-04-10T00:00:00Z
344.030216,2017-04-11T00:00:00Z
356.816386,2017-04-12T00:00:00Z
340.606561,2017-04-13T00:00:00Z
306.119594,2017-04-14T00:00:00Z
322.42438,2017-04-15T00:00:00Z
324.700933,2017-04-16T00:00:00Z
348.871949,2017-04-17T00:00:00Z
335.282273,2017-04-18T00:00:00Z
335.48373,2017-04-19T00:00:00Z
329.529403,2017-04-20T00:00:00Z
305.505004,2017-04-21T00:00:00Z
305.705686,2017-04-22T00:00:00Z
322.993075,2017-04-23T00:00:00Z
346.709919,2017-04-24T00:00:00Z
308.628707,2017-04-25T00:00:00Z
304.019702,2017-04-26T00:00:00Z
305.834794,2017-04-27T00:00:00Z
292.26183,2017-04-28T00:00:00Z
294.905261,2017-04-29T00:00:00Z
308.992345,2017-04-30T00:00:00Z
326.418182,2017-05-01T00:00:00Z
316.030533,2017-05-02T00:00:00Z
312.66011,2017-05-03T00:00:00Z
305.095614,2017-05-04T00:00:00Z
295.350148,2017-05-05T00:00:00Z
303.201032,2017-05-06T00:00:00Z
308.171115,2017-05-07T00:00:00Z
320.906771,2017-05-08T00:00:00Z
311.759982,2017-05-09T00:00:00Z
307.592257,2017-05-10T00:00:00Z
311.630618,2017-05-11T00:00:00Z
294.69757,2017-05-12T00:00:00Z
293.107184,2017-05-13T00:00:00Z
296.392326,2017-05-14T00:00:00Z
319.88648,2017-05-15T00:00:00Z
312.294084,2017-05-16T00:00:00Z
313.522516,2017-05-17T00:00:00Z
315.059793,2017-05-18T00:00:00Z
301.07028,2017-05-19T00:00:00Z
302.476054,2017-05-20T00:00:00Z
303.022912,2017-05-21T00:00:00Z
351.586519,2017-05-22T00:00:00Z
323.414361,2017-05-23T00:00:00Z
304.605372,2017-05-24T00:00:00Z
298.104452,2017-05-25T00:00:00Z
281.195186,2017-05-26T00:00:00Z
279.221044,2017-05-27T00:00:00Z
289.438446,2017-05-28T00:00:00Z
310.742133,2017-05-29T00:00:00Z
303.38948,2017-05-30T00:00:00Z
329.72126,2017-05-31T00:00:00Z
298.893201,2017-06-01T00:00:00Z
275.492081,2017-06-02T00:00:00Z
284.76354,2017-06-03T00:00:00Z
294.051458,2017-06-04T00:00:00Z
309.820046,2017-06-05T00:00:00Z
301.370607,2017-06-06T00:00:00Z
295.415465,2017-06-07T00:00:00Z
302.730717,2017-06-08T00:00:00Z
295.70466,2017-06-09T00:00:00Z
296.401686,2017-06-10T00:00:00Z
301.086676,2017-06-11T00:00:00Z
302.913804,2017-06-12T00:00:00Z
287.810895,2017-06-13T00:00:00Z
265.501863,2017-06-14T00:00:00Z
260.184541,2017-06-15T00:00:00Z
256.303845,2017-06-16T00:00:00Z
253.149027,2017-06-17T00:00:00Z
263.504749,2017-06-18T00:00:00Z
278.887486,2017-06-19T00:00:00Z
274.732906,2017-06-20T00:00:00Z
278.604928,2017-06-21T00:00:00Z
263.562533,2017-06-22T00:00:00Z
256.390561,2017-06-23T00:00:00Z
248.335446,2017-06-24T00:00:00Z
259.702801,2017-06-25T00:00:00Z
269.782381,2017-06-26T00:00:00Z
267.178847,2017-06-27T00:00:00Z
271.371208,2017-06-28T00:00:00Z
269.955135,2017-06-29T00:00:00Z
255.152893,2017-06-30T00:00:00Z
251.113551,2017-07-01T00:00:00Z
262.759066,2017-07-02T00:00:00Z
276.752749,2017-07-03T00:00:00Z
276.125733,2017-07-04T00:00:00Z
274.928027,2017-07-05T00:00:00Z
272.902694,2017-07-06T00:00:00Z
263.677095,2017-07-07T00:00:00Z
259.629246,2017-07-08T00:00:00Z
269.660149,2017-07-09T00:00:00Z
286.394398,2017-07-10T00:00:00Z
280.352973,2017-07-11T00:00:00Z
277.498898,2017-07-12T00:00:00Z
275.330196,2017-07-13T00:00:00Z
263.506947,2017-07-14T00:00:00Z
259.565043,2017-07-15T00:00:00Z
273.444832,2017-07-16T00:00:00Z
282.921555,2017-07-17T00:00:00Z
274.251071,2017-07-18T00:00:00Z
268.25762,2017-07-19T00:00:00Z
268.135952,2017-07-20T00:00:00Z
263.364412,2017-07-21T00:00:00Z
257.689887,2017-07-22T00:00:00Z
275.721851,2017-07-23T00:00:00Z
283.730949,2017-07-24T00:00:00Z
279.221877,2017-07-25T00:00:00Z
283.09467,2017-07-26T00:00:00Z
268.777584,2017-07-27T00:00:00Z
261.121331,2017-07-28T00:00:00Z
253.334814,2017-07-29T00:00:00Z
268.179748,2017-07-30T00:00:00Z
276.207251,2017-07-31T00:00:00Z
271.014717,2017-08-01T00:00:00Z
271.124566,2017-08-02T00:00:00Z
265.175395,2017-08-03T00:00:00Z
254.277386,2017-08-04T00:00:00Z
248.469563,2017-08-05T00:00:00Z
266.6851,2017-08-06T00:00:00Z
277.401388,2017-08-07T00:00:00Z
275.279647,2017-08-08T00:00:00Z
272.586388,2017-08-09T00:00:00Z
267.093959,2017-08-10T00:00:00Z
259.785253,2017-08-11T00:00:00Z
255.146117,2017-08-12T00:00:00Z
277.088196,2017-08-13T00:00:00Z
284.181085,2017-08-14T00:00:00Z
275.748423,2017-08-15T00:00:00Z
271.87067,2017-08-16T00:00:00Z
265.175804,2017-08-17T00:00:00Z
258.461102,2017-08-18T00:00:00Z
248.534933,2017-08-19T00:00:00Z
268.556355,2017-08-20T00:00:00Z
276.354483,2017-08-21T00:00:00Z
269.698252,2017-08-22T00:00:00Z
267.175371,2017-08-23T00:00:00Z
263.823981,2017-08-24T00:00:00Z
258.193407,2017-08-25T00:00:00Z
249.883478,2017-08-26T00:00:00Z
265.9749,2017-08-27T00:00:00Z
278.552787,2017-08-28T00:00:00Z
279.329759,2017-08-29T00:00:00Z
278.47407,2017-08-30T00:00:00Z
275.537711,2017-08-31T00:00:00Z
272.53558,2017-09-01T00:00:00Z
267.377115,2017-09-02T00:00:00Z
304.274194,2017-09-03T00:00:00Z
311.914361,2017-09-04T00:00:00Z
301.886636,2017-09-05T00:00:00Z
294.794049,2017-09-06T00:00:00Z
321.432958,2017-09-07T00:00:00Z
268.786601,2017-09-08T00:00:00Z
254.016506,2017-09-09T00:00:00Z
273.12789,2017-09-10T00:00:00Z
279.97152,2017-09-11T00:00:00Z
276.833327,2017-09-12T00:00:00Z
272.077768,2017-09-13T00:00:00Z
274.727175,2017-09-14T00:00:00Z
269.033086,2017-09-15T00:00:00Z
257.156505,2017-09-16T00:00:00Z
274.795196,2017-09-17T00:00:00Z
293.044703,2017-09-18T00:00:00Z
283.979011,2017-09-19T00:00:00Z
276.374458,2017-09-20T00:00:00Z
275.517298,2017-09-21T00:00:00Z
262.087403,2017-09-22T00:00:00Z
251.834644,2017-09-23T00:00:00Z
267.269173,2017-09-24T00:00:00Z
281.375756,2017-09-25T00:00:00Z
278.308925,2017-09-26T00:00:00Z
281.623406,2017-09-27T00:00:00Z
283.794577,2017-09-28T00:00:00Z
265.088833,2017-09-29T00:00:00Z
255.469601,2017-09-30T00:00:00Z
277.446607,2017-10-01T00:00:00Z
296.611869,2017-10-02T00:00:00Z
297.192785,2017-10-03T00:00:00Z
286.898607,2017-10-04T00:00:00Z
281.575277,2017-10-05T00:00:00Z
263.30461,2017-10-06T00:00:00Z
258.675656,2017-10-07T00:00:00Z
277.189402,2017-10-08T00:00:00Z
295.484472,2017-10-09T00:00:00Z
290.727561,2017-10-10T00:00:00Z
284.981252,2017-10-11T00:00:00Z
277.200931,2017-10-12T00:00:00Z
275.106009,2017-10-13T00:00:00Z
282.176416,2017-10-14T00:00:00Z
307.467332,2017-10-15T00:00:00Z
321.32699,2017-10-16T00:00:00Z
313.099256,2017-10-17T00:00:00Z
299.337864,2017-10-18T00:00:00Z
296.299898,2017-10-19T00:00:00Z
300.642295,2017-10-20T00:00:00Z
287.816629,2017-10-21T00:00:00Z
308.529531,2017-10-22T00:00:00Z
321.685775,2017-10-23T00:00:00Z
329.737695,2017-10-24T00:00:00Z
317.105794,2017-10-25T00:00:00Z
306.095478,2017-10-26T00:00:00Z
292.647205,2017-10-27T00:00:00Z
280.981203,2017-10-28T00:00:00Z
298.809018,2017-10-29T00:00:00Z
310.058854,2017-10-30T00:00:00Z
299.885209,2017-10-31T00:00:00Z
302.67917,2017-11-01T00:00:00Z
317.271538,2017-11-02T00:00:00Z
293.349721,2017-11-03T00:00:00Z
286.736767,2017-11-04T00:00:00Z
308.346539,2017-11-05T00:00:00Z
316.772993,2017-11-06T00:00:00Z
315.036162,2017-11-07T00:00:00Z
316.660831,2017-11-08T00:00:00Z
314.554353,2017-11-09T00:00:00Z
290.989184,2017-11-10T00:00:00Z
286.684524,2017-11-11T00:00:00Z
303.166707,2017-11-12T00:00:00Z
318.54754,2017-11-13T00:00:00Z
311.702382,2017-11-14T00:00:00Z
307.702139,2017-11-15T00:00:00Z
307.196334,2017-11-16T00:00:00Z
288.657696,2017-11-17T00:00:00Z
286.13364,2017-11-18T00:00:00Z
303.793246,2017-11-19T00:00:00Z
322.258319,2017-11-20T00:00:00Z
308.175733,2017-11-21T00:00:00Z
304.169591,2017-11-22T00:00:00Z
288.811513,2017-11-23T00:00:00Z
280.125634,2017-11-24T00:00:00Z
287.261736,2017-11-25T00:00:00Z
309.83562,2017-11-26T00:00:00Z
327.873477,2017-11-27T00:00:00Z
317.281495,2017-11-28T00:00:00Z
311.010091,2017-11-29T00:00:00Z
305.6188,2017-11-30T00:00:00Z
299.009843,2017-12-01T00:00:00Z
284.413689,2017-12-02T00:00:00Z
300.552426,2017-12-03T00:00:00Z
322.83543,2017-12-04T00:00:00Z
326.917154,2017-12-05T00:00:00Z
313.805461,2017-12-06T00:00:00Z
319.139701,2017-12-07T00:00:00Z
303.621912,2017-12-08T00:00:00Z
292.81246,2017-12-09T00:00:00Z
308.208572,2017-12-10T00:00:00Z
321.674009,2017-12-11T00:00:00Z
310.462489,2017-12-12T00:00:00Z
306.745755,2017-12-13T00:00:00Z
300.18737,2017-12-14T00:00:00Z
286.830282,2017-12-15T00:00:00Z
280.843025,2017-12-16T00:00:00Z
294.029292,2017-12-17T00:00:00Z
308.877711,2017-12-18T00:00:00Z
290.817648,2017-12-19T00:00:00Z
284.66354,2017-12-20T00:00:00Z
283.311446,2017-12-21T00:00:00Z
270.616379,2017-12-22T00:00:00Z
270.77392,2017-12-23T00:00:00Z
271.574693,2017-12-24T00:00:00Z
274.651388,2017-12-25T00:00:00Z
293.377305,2017-12-26T00:00:00Z
304.353445,2017-12-27T00:00:00Z
312.08367,2017-12-28T00:00:00Z
300.196639,2017-12-29T00:00:00Z
294.250079,2017-12-30T00:00:00Z
287.93791,2017-12-31T00:00:00Z
302.82833,2018-01-01T00:00:00Z
319.485738,2018-01-02T00:00:00Z
322.019675,2018-01-03T00:00:00Z
314.645741,2018-01-04T00:00:00Z
310.155899,2018-01-05T00:00:00Z
316.702185,2018-01-06T00:00:00Z
324.18675,2018-01-07T00:00:00Z
335.431026,2018-01-08T00:00:00Z
321.991203,2018-01-09T00:00:00Z
318.603157,2018-01-10T00:00:00Z
327.306183,2018-01-11T00:00:00Z
308.518899,2018-01-12T00:00:00Z
314.518803,2018-01-13T00:00:00Z
341.467997,2018-01-14T00:00:00Z
346.801956,2018-01-15T00:00:00Z
332.404256,2018-01-16T00:00:00Z
329.626172,2018-01-17T00:00:00Z
346.227443,2018-01-18T00:00:00Z
316.299327,2018-01-19T00:00:00Z
303.292818,2018-01-20T00:00:00Z
326.682372,2018-01-21T00:00:00Z
341.515484,2018-01-22T00:00:00Z
329.910617,2018-01-23T00:00:00Z
321.322164,2018-01-24T00:00:00Z
316.707019,2018-01-25T00:00:00Z
310.96488,2018-01-26T00:00:00Z
308.760934,2018-01-27T00:00:00Z
325.955174,2018-01-28T00:00:00Z
337.205984,2018-01-29T00:00:00Z
323.091074,2018-01-30T00:00:00Z
320.642885,2018-01-31T00:00:00Z
312.643557,2018-02-01T00:00:00Z
303.181377,2018-02-02T00:00:00Z
303.051044,2018-02-03T00:00:00Z
326.780028,2018-02-04T00:00:00Z
337.460883,2018-02-05T00:00:00Z
320.093643,2018-02-06T00:00:00Z
316.192208,2018-02-07T00:00:00Z
318.587141,2018-02-08T00:00:00Z
311.243801,2018-02-09T00:00:00Z
303.165868,2018-02-10T00:00:00Z
318.919775,2018-02-11T00:00:00Z
330.482574,2018-02-12T00:00:00Z
318.445405,2018-02-13T00:00:00Z
309.269954,2018-02-14T00:00:00Z
307.384594,2018-02-15T00:00:00Z
308.753553,2018-02-16T00:00:00Z
315.352215,2018-02-17T00:00:00Z
336.919919,2018-02-18T00:00:00Z
340.432452,2018-02-19T00:00:00Z
325.887866,2018-02-20T00:00:00Z
331.532037,2018-02-21T00:00:00Z
335.397735,2018-02-22T00:00:00Z
322.847083,2018-02-23T00:00:00Z
312.668576,2018-02-24T00:00:00Z
340.574594,2018-02-25T00:00:00Z
354.301601,2018-02-26T00:00:00Z
340.134463,2018-02-27T00:00:00Z
319.945935,2018-02-28T00:00:00Z
318.175725,2018-03-01T00:00:00Z
307.814339,2018-03-02T00:00:00Z
301.870813,2018-03-03T00:00:00Z
335.452295,2018-03-04T00:00:00Z
341.831429,2018-03-05T00:00:00Z
315.08751,2018-03-06T00:00:00Z
313.130565,2018-03-07T00:00:00Z
310.028113,2018-03-08T00:00:00Z
289.859166,2018-03-09T00:00:00Z
278.290649,2018-03-10T00:00:00Z
302.140207,2018-03-11T00:00:00Z
314.449106,2018-03-12T00:00:00Z
300.380973,2018-03-13T00:00:00Z
311.480543,2018-03-14T00:00:00Z
301.904526,2018-03-15T00:00:00Z
286.430007,2018-03-16T00:00:00Z
278.987674,2018-03-17T00:00:00Z
298.993282,2018-03-18T00:00:00Z
308.390176,2018-03-19T00:00:00Z
294.762447,2018-03-20T00:00:00Z
295.705015,2018-03-21T00:00:00Z
294.156473,2018-03-22T00:00:00Z
283.407906,2018-03-23T00:00:00Z
277.636125,2018-03-24T00:00:00Z
290.927648,2018-03-25T00:00:00Z
305.7174,2018-03-26T00:00:00Z
296.904147,2018-03-27T00:00:00Z
288.847105,2018-03-28T00:00:00Z
283.686209,2018-03-29T00:00:00Z
282.535832,2018-03-30T00:00:00Z
274.449811,2018-03-31T00:00:00Z
290.235106,2018-04-01T00:00:00Z
311.226037,2018-04-02T00:00:00Z
303.916252,2018-04-03T00:00:00Z
298.591311,2018-04-04T00:00:00Z
287.63031,2018-04-05T00:00:00Z
284.97775,2018-04-06T00:00:00Z
283.240634,2018-04-07T00:00:00Z
304.942114,2018-04-08T00:00:00Z
318.569836,2018-04-09T00:00:00Z
307.443314,2018-04-10T00:00:00Z
308.225636,2018-04-11T00:00:00Z
316.179856,2018-04-12T00:00:00Z
301.407702,2018-04-13T00:00:00Z
284.050367,2018-04-14T00:00:00Z
318.006849,2018-04-15T00:00:00Z
325.94103,2018-04-16T00:00:00Z
302.461259,2018-04-17T00:00:00Z
300.851394,2018-04-18T00:00:00Z
293.498562,2018-04-19T00:00:00Z
283.266082,2018-04-20T00:00:00Z
270.620673,2018-04-21T00:00:00Z
287.747733,2018-04-22T00:00:00Z
302.523229,2018-04-23T00:00:00Z
300.709165,2018-04-24T00:00:00Z
309.43799,2018-04-25T00:00:00Z
297.731622,2018-04-26T00:00:00Z
290.627627,2018-04-27T00:00:00Z
274.636558,2018-04-28T00:00:00Z
298.364306,2018-04-29T00:00:00Z
317.359841,2018-04-30T00:00:00Z
302.332775,2018-05-01T00:00:00Z
295.478029,2018-05-02T00:00:00Z
296.932606,2018-05-03T00:00:00Z
290.364467,2018-05-04T00:00:00Z
280.413461,2018-05-05T00:00:00Z
288.49159,2018-05-06T00:00:00Z
305.415124,2018-05-07T00:00:00Z
301.793366,2018-05-08T00:00:00Z
295.473432,2018-05-09T00:00:00Z
299.000581,2018-05-10T00:00:00Z
281.971857,2018-05-11T00:00:00Z
277.831417,2018-05-12T00:00:00Z
290.456275,2018-05-13T00:00:00Z
304.702511,2018-05-14T00:00:00Z
306.687543,2018-05-15T00:00:00Z
308.209927,2018-05-16T00:00:00Z
297.449473,2018-05-17T00:00:00Z
288.317718,2018-05-18T00:00:00Z
301.142295,2018-05-19T00:00:00Z
312.401975,2018-05-20T00:00:00Z
318.995937,2018-05-21T00:00:00Z
307.07948,2018-05-22T00:00:00Z
297.872016,2018-05-23T00:00:00Z
287.034865,2018-05-24T00:00:00Z
278.299135,2018-05-25T00:00:00Z
269.03241,2018-05-26T00:00:00Z
281.949241,2018-05-27T00:00:00Z
297.158649,2018-05-28T00:00:00Z
302.888534,2018-05-29T00:00:00Z
286.750058,2018-05-30T00:00:00Z
284.187593,2018-05-31T00:00:00Z
277.480389,2018-06-01T00:00:00Z
269.152267,2018-06-02T00:00:00Z
281.935112,2018-06-03T00:00:00Z
291.106579,2018-06-04T00:00:00Z
285.321854,2018-06-05T00:00:00Z
281.443215,2018-06-06T00:00:00Z
286.902527,2018-06-07T00:00:00Z
283.896205,2018-06-08T00:00:00Z
273.5198,2018-06-09T00:00:00Z
286.919419,2018-06-10T00:00:00Z
293.852873,2018-06-11T00:00:00Z
282.094871,2018-06-12T00:00:00Z
282.212165,2018-06-13T00:00:00Z
277.677281,2018-06-14T00:00:00Z
266.40177,2018-06-15T00:00:00Z
255.779378,2018-06-16T00:00:00Z
285.796606,2018-06-17T00:00:00Z
309.339458,2018-06-18T00:00:00Z
304.995086,2018-06-19T00:00:00Z
296.218099,2018-06-20T00:00:00Z
289.005332,2018-06-21T00:00:00Z
285.33823,2018-06-22T00:00:00Z
281.370491,2018-06-23T00:00:00Z
293.588861,2018-06-24T00:00:00Z
300.426336,2018-06-25T00:00:00Z
290.10237,2018-06-26T00:00:00Z
288.898505,2018-06-27T00:00:00Z
284.813519,2018-06-28T00:00:00Z
275.136103,2018-06-29T00:00:00Z
278.684286,2018-06-30T00:00:00Z
288.92226899999997,2018-07-01T00:00:00Z
294.995964,2018-07-02T00:00:00Z
295.163624,2018-07-03T00:00:00Z
292.873103,2018-07-04T00:00:00Z
289.874444,2018-07-05T00:00:00Z
282.078704,2018-07-06T00:00:00Z
284.7883,2018-07-07T00:00:00Z
293.580187,2018-07-08T00:00:00Z
291.731396,2018-07-09T00:00:00Z
296.051811,2018-07-10T00:00:00Z
287.541963,2018-07-11T00:00:00Z
283.332697,2018-07-12T00:00:00Z
279.823107,2018-07-13T00:00:00Z
279.395138,2018-07-14T00:00:00Z
306.129597,2018-07-15T00:00:00Z
302.456135,2018-07-16T00:00:00Z
289.984376,2018-07-17T00:00:00Z
284.755133,2018-07-18T00:00:00Z
281.299747,2018-07-19T00:00:00Z
268.311706,2018-07-20T00:00:00Z
263.558899,2018-07-21T00:00:00Z
280.972889,2018-07-22T00:00:00Z
286.982166,2018-07-23T00:00:00Z
280.130057,2018-07-24T00:00:00Z
281.148385,2018-07-25T00:00:00Z
277.075683,2018-07-26T00:00:00Z
271.634161,2018-07-27T00:00:00Z
264.567774,2018-07-28T00:00:00Z
285.756063,2018-07-29T00:00:00Z
303.317837,2018-07-30T00:00:00Z
288.952484,2018-07-31T00:00:00Z
290.354486,2018-08-01T00:00:00Z
284.750411,2018-08-02T00:00:00Z
274.760313,2018-08-03T00:00:00Z
270.332124,2018-08-04T00:00:00Z
284.107533,2018-08-05T00:00:00Z
294.367026,2018-08-06T00:00:00Z
286.814035,2018-08-07T00:00:00Z
279.542903,2018-08-08T00:00:00Z
277.991413,2018-08-09T00:00:00Z
269.554027,2018-08-10T00:00:00Z
262.64931,2018-08-11T00:00:00Z
281.554094,2018-08-12T00:00:00Z
286.06993,2018-08-13T00:00:00Z
283.344778,2018-08-14T00:00:00Z
282.825544,2018-08-15T00:00:00Z
279.270864,2018-08-16T00:00:00Z
274.477509,2018-08-17T00:00:00Z
267.209646,2018-08-18T00:00:00Z
284.047472,2018-08-19T00:00:00Z
291.827118,2018-08-20T00:00:00Z
281.167698,2018-08-21T00:00:00Z
286.064599,2018-08-22T00:00:00Z
274.162518,2018-08-23T00:00:00Z
270.253617,2018-08-24T00:00:00Z
270.633073,2018-08-25T00:00:00Z
285.865947,2018-08-26T00:00:00Z
295.877748,2018-08-27T00:00:00Z
285.819305,2018-08-28T00:00:00Z
290.69066,2018-08-29T00:00:00Z
287.291261,2018-08-30T00:00:00Z
278.926573,2018-08-31T00:00:00Z
272.06547,2018-09-01T00:00:00Z
282.660914,2018-09-02T00:00:00Z
304.277941,2018-09-03T00:00:00Z
304.94169,2018-09-04T00:00:00Z
290.44073,2018-09-05T00:00:00Z
291.801845,2018-09-06T00:00:00Z
282.974226,2018-09-07T00:00:00Z
276.031888,2018-09-08T00:00:00Z
288.702628,2018-09-09T00:00:00Z
297.806996,2018-09-10T00:00:00Z
291.024633,2018-09-11T00:00:00Z
281.205973,2018-09-12T00:00:00Z
277.716539,2018-09-13T00:00:00Z
271.886389,2018-09-14T00:00:00Z
268.872042,2018-09-15T00:00:00Z
285.290091,2018-09-16T00:00:00Z
296.707124,2018-09-17T00:00:00Z
293.961973,2018-09-18T00:00:00Z
281.313491,2018-09-19T00:00:00Z
281.778126,2018-09-20T00:00:00Z
271.938267,2018-09-21T00:00:00Z
267.361066,2018-09-22T00:00:00Z
283.354623,2018-09-23T00:00:00Z
290.24173,2018-09-24T00:00:00Z
283.004414,2018-09-25T00:00:00Z
283.165597,2018-09-26T00:00:00Z
276.919559,2018-09-27T00:00:00Z
265.628552,2018-09-28T00:00:00Z
258.355412,2018-09-29T00:00:00Z
282.147397,2018-09-30T00:00:00Z
289.269499,2018-10-01T00:00:00Z
290.469087,2018-10-02T00:00:00Z
284.459016,2018-10-03T00:00:00Z
280.129094,2018-10-04T00:00:00Z
277.692407,2018-10-05T00:00:00Z
272.021248,2018-10-06T00:00:00Z
288.026231,2018-10-07T00:00:00Z
299.940591,2018-10-08T00:00:00Z
293.859902,2018-10-09T00:00:00Z
286.860083,2018-10-10T00:00:00Z
285.800144,2018-10-11T00:00:00Z
280.380852,2018-10-12T00:00:00Z
268.53958,2018-10-13T00:00:00Z
284.685831,2018-10-14T00:00:00Z
295.712252,2018-10-15T00:00:00Z
289.695633,2018-10-16T00:00:00Z
291.316826,2018-10-17T00:00:00Z
283.819972,2018-10-18T00:00:00Z
273.396522,2018-10-19T00:00:00Z
269.505366,2018-10-20T00:00:00Z
287.371208,2018-10-21T00:00:00Z
296.095252,2018-10-22T00:00:00Z
295.228128,2018-10-23T00:00:00Z
299.337487,2018-10-24T00:00:00Z
301.341205,2018-10-25T00:00:00Z
288.995979,2018-10-26T00:00:00Z
278.572902,2018-10-27T00:00:00Z
295.852468,2018-10-28T00:00:00Z
312.246326,2018-10-29T00:00:00Z
301.493042,2018-10-30T00:00:00Z
294.793967,2018-10-31T00:00:00Z
291.545744,2018-11-01T00:00:00Z
288.934783,2018-11-02T00:00:00Z
279.208162,2018-11-03T00:00:00Z
296.89559,2018-11-04T00:00:00Z
300.642235,2018-11-05T00:00:00Z
291.248365,2018-11-06T00:00:00Z
287.559232,2018-11-07T00:00:00Z
283.534413,2018-11-08T00:00:00Z
278.112436,2018-11-09T00:00:00Z
280.762568,2018-11-10T00:00:00Z
298.719614,2018-11-11T00:00:00Z
311.840608,2018-11-12T00:00:00Z
304.888146,2018-11-13T00:00:00Z
293.655735,2018-11-14T00:00:00Z
288.508339,2018-11-15T00:00:00Z
277.448557,2018-11-16T00:00:00Z
270.398024,2018-11-17T00:00:00Z
290.970297,2018-11-18T00:00:00Z
297.448433,2018-11-19T00:00:00Z
287.897209,2018-11-20T00:00:00Z
283.101863,2018-11-21T00:00:00Z
275.772158,2018-11-22T00:00:00Z
267.794535,2018-11-23T00:00:00Z
274.941316,2018-11-24T00:00:00Z
287.153095,2018-11-25T00:00:00Z
297.001431,2018-11-26T00:00:00Z
291.723162,2018-11-27T00:00:00Z
291.382759,2018-11-28T00:00:00Z
288.190014,2018-11-29T00:00:00Z
269.966843,2018-11-30T00:00:00Z
269.088426,2018-12-01T00:00:00Z
287.298366,2018-12-02T00:00:00Z
304.641822,2018-12-03T00:00:00Z
296.026024,2018-12-04T00:00:00Z
300.848478,2018-12-05T00:00:00Z
295.238944,2018-12-06T00:00:00Z
293.663071,2018-12-07T00:00:00Z
302.55109,2018-12-08T00:00:00Z
326.683576,2018-12-09T00:00:00Z
327.035252,2018-12-10T00:00:00Z
315.379081,2018-12-11T00:00:00Z
306.180622,2018-12-12T00:00:00Z
305.264218,2018-12-13T00:00:00Z
295.552567,2018-12-14T00:00:00Z
282.382981,2018-12-15T00:00:00Z
300.201682,2018-12-16T00:00:00Z
316.359069,2018-12-17T00:00:00Z
304.531426,2018-12-18T00:00:00Z
297.787847,2018-12-19T00:00:00Z
290.375221,2018-12-20T00:00:00Z
279.031864,2018-12-21T00:00:00Z
278.425628,2018-12-22T00:00:00Z
286.573018,2018-12-23T00:00:00Z
291.005363,2018-12-24T00:00:00Z
294.782918,2018-12-25T00:00:00Z
300.965583,2018-12-26T00:00:00Z
305.502149,2018-12-27T00:00:00Z
301.813241,2018-12-28T00:00:00Z
304.253038,2018-12-29T00:00:00Z
314.870934,2018-12-30T00:00:00Z
302.878752,2018-12-31T00:00:00Z
312.601914,2019-01-01T00:00:00Z
326.949126,2019-01-02T00:00:00Z
321.689932,2019-01-03T00:00:00Z
315.004706,2019-01-04T00:00:00Z
317.146245,2019-01-05T00:00:00Z
333.180513,2019-01-06T00:00:00Z
342.244202,2019-01-07T00:00:00Z
325.989103,2019-01-08T00:00:00Z
315.919084,2019-01-09T00:00:00Z
312.925738,2019-01-10T00:00:00Z
308.030855,2019-01-11T00:00:00Z
311.05653,2019-01-12T00:00:00Z
323.122651,2019-01-13T00:00:00Z
331.391099,2019-01-14T00:00:00Z
325.564204,2019-01-15T00:00:00Z
318.047667,2019-01-16T00:00:00Z
313.508051,2019-01-17T00:00:00Z
317.510491,2019-01-18T00:00:00Z
312.722503,2019-01-19T00:00:00Z
334.792619,2019-01-20T00:00:00Z
334.636932,2019-01-21T00:00:00Z
326.482854,2019-01-22T00:00:00Z
317.800016,2019-01-23T00:00:00Z
313.064861,2019-01-24T00:00:00Z
299.614641,2019-01-25T00:00:00Z
296.418351,2019-01-26T00:00:00Z
311.411312,2019-01-27T00:00:00Z
312.245328,2019-01-28T00:00:00Z
303.57621,2019-01-29T00:00:00Z
301.980279,2019-01-30T00:00:00Z
298.057463,2019-01-31T00:00:00Z
294.783075,2019-02-01T00:00:00Z
285.853494,2019-02-02T00:00:00Z
310.057169,2019-02-03T00:00:00Z
322.61545,2019-02-04T00:00:00Z
300.060739,2019-02-05T00:00:00Z
294.300632,2019-02-06T00:00:00Z
288.631271,2019-02-07T00:00:00Z
292.32207,2019-02-08T00:00:00Z
284.884431,2019-02-09T00:00:00Z
312.192081,2019-02-10T00:00:00Z
330.141112,2019-02-11T00:00:00Z
305.915685,2019-02-12T00:00:00Z
297.965818,2019-02-13T00:00:00Z
290.9883,2019-02-14T00:00:00Z
287.655062,2019-02-15T00:00:00Z
287.306444,2019-02-16T00:00:00Z
302.829694,2019-02-17T00:00:00Z
311.558582,2019-02-18T00:00:00Z
305.730692,2019-02-19T00:00:00Z
299.141565,2019-02-20T00:00:00Z
295.474037,2019-02-21T00:00:00Z
290.411544,2019-02-22T00:00:00Z
286.692736,2019-02-23T00:00:00Z
300.871332,2019-02-24T00:00:00Z
333.673377,2019-02-25T00:00:00Z
307.512767,2019-02-26T00:00:00Z
299.159532,2019-02-27T00:00:00Z
291.39926,2019-02-28T00:00:00Z
281.825337,2019-03-01T00:00:00Z
281.585931,2019-03-02T00:00:00Z
302.39529,2019-03-03T00:00:00Z
313.267372,2019-03-04T00:00:00Z
296.821448,2019-03-05T00:00:00Z
291.010985,2019-03-06T00:00:00Z
287.737182,2019-03-07T00:00:00Z
277.788475,2019-03-08T00:00:00Z
283.562895,2019-03-09T00:00:00Z
305.264624,2019-03-10T00:00:00Z
308.391562,2019-03-11T00:00:00Z
296.922945,2019-03-12T00:00:00Z
289.114675,2019-03-13T00:00:00Z
292.4895,2019-03-14T00:00:00Z
279.020392,2019-03-15T00:00:00Z
279.908459,2019-03-16T00:00:00Z
303.826168,2019-03-17T00:00:00Z
310.729591,2019-03-18T00:00:00Z
293.862326,2019-03-19T00:00:00Z
290.586417,2019-03-20T00:00:00Z
291.530778,2019-03-21T00:00:00Z
286.456158,2019-03-22T00:00:00Z
285.923076,2019-03-23T00:00:00Z
302.945936,2019-03-24T00:00:00Z
303.473804,2019-03-25T00:00:00Z
290.341417,2019-03-26T00:00:00Z
293.395068,2019-03-27T00:00:00Z
294.222265,2019-03-28T00:00:00Z
278.193916,2019-03-29T00:00:00Z
280.096985,2019-03-30T00:00:00Z
296.148294,2019-03-31T00:00:00Z
304.511763,2019-04-01T00:00:00Z
290.394867,2019-04-02T00:00:00Z
293.96306,2019-04-03T00:00:00Z
297.69132,2019-04-04T00:00:00Z
288.23804,2019-04-05T00:00:00Z
279.028391,2019-04-06T00:00:00Z
296.741026,2019-04-07T00:00:00Z
315.311592,2019-04-08T00:00:00Z
313.514699,2019-04-09T00:00:00Z
304.948408,2019-04-10T00:00:00Z
306.233152,2019-04-11T00:00:00Z
301.65,2019-04-12T00:00:00Z
293.470259,2019-04-13T00:00:00Z
318.65521,2019-04-14T00:00:00Z
322.725319,2019-04-15T00:00:00Z
313.679547,2019-04-16T00:00:00Z
299.425985,2019-04-17T00:00:00Z
287.866552,2019-04-18T00:00:00Z
284.392194,2019-04-19T00:00:00Z
277.715218,2019-04-20T00:00:00Z
294.623113,2019-04-21T00:00:00Z
307.909493,2019-04-22T00:00:00Z
301.280502,2019-04-23T00:00:00Z
299.58898,2019-04-24T00:00:00Z
298.970715,2019-04-25T00:00:00Z
293.532962,2019-04-26T00:00:00Z
287.907307,2019-04-27T00:00:00Z
300.856191,2019-04-28T00:00:00Z
294.763594,2019-04-29T00:00:00Z
289.238397,2019-04-30T00:00:00Z
291.029845,2019-05-01T00:00:00Z
288.006244,2019-05-02T00:00:00Z
279.216829,2019-05-03T00:00:00Z
273.965951,2019-05-04T00:00:00Z
289.856849,2019-05-05T00:00:00Z
297.018844,2019-05-06T00:00:00Z
285.208172,2019-05-07T00:00:00Z
295.103126,2019-05-08T00:00:00Z
283.456178,2019-05-09T00:00:00Z
278.651924,2019-05-10T00:00:00Z
281.156132,2019-05-11T00:00:00Z
293.989961,2019-05-12T00:00:00Z
297.011582,2019-05-13T00:00:00Z
290.965537,2019-05-14T00:00:00Z
280.154867,2019-05-15T00:00:00Z
280.223192,2019-05-16T00:00:00Z
276.378539,2019-05-17T00:00:00Z
272.859659,2019-05-18T00:00:00Z
285.64282,2019-05-19T00:00:00Z
291.501601,2019-05-20T00:00:00Z
287.030691,2019-05-21T00:00:00Z
286.066414,2019-05-22T00:00:00Z
295.44419,2019-05-23T00:00:00Z
278.44746,2019-05-24T00:00:00Z
269.231241,2019-05-25T00:00:00Z
288.214072,2019-05-26T00:00:00Z
296.777669,2019-05-27T00:00:00Z
299.298508,2019-05-28T00:00:00Z
291.825175,2019-05-29T00:00:00Z
286.939625,2019-05-30T00:00:00Z
279.827001,2019-05-31T00:00:00Z
268.802915,2019-06-01T00:00:00Z
283.58887,2019-06-02T00:00:00Z
285.136573,2019-06-03T00:00:00Z
280.805702,2019-06-04T00:00:00Z
277.119706,2019-06-05T00:00:00Z
276.540657,2019-06-06T00:00:00Z
281.148162,2019-06-07T00:00:00Z
278.195207,2019-06-08T00:00:00Z
290.128907,2019-06-09T00:00:00Z
300.35078,2019-06-10T00:00:00Z
292.585502,2019-06-11T00:00:00Z
293.180071,2019-06-12T00:00:00Z
290.957222,2019-06-13T00:00:00Z
284.747956,2019-06-14T00:00:00Z
277.904384,2019-06-15T00:00:00Z
292.518778,2019-06-16T00:00:00Z
296.458295,2019-06-17T00:00:00Z
287.553122,2019-06-18T00:00:00Z
278.398832,2019-06-19T00:00:00Z
281.028561,2019-06-20T00:00:00Z
276.16664,2019-06-21T00:00:00Z
274.478514,2019-06-22T00:00:00Z
286.247001,2019-06-23T00:00:00Z
294.929499,2019-06-24T00:00:00Z
286.802023,2019-06-25T00:00:00Z
280.863534,2019-06-26T00:00:00Z
267.8932,2019-06-27T00:00:00Z
269.447649,2019-06-28T00:00:00Z
259.617123,2019-06-29T00:00:00Z
280.716105,2019-06-30T00:00:00Z
289.991471,2019-07-01T00:00:00Z
288.148886,2019-07-02T00:00:00Z
288.506864,2019-07-03T00:00:00Z
284.596552,2019-07-04T00:00:00Z
275.979764,2019-07-05T00:00:00Z
281.04692,2019-07-06T00:00:00Z
308.88138,2019-07-07T00:00:00Z
308.201269,2019-07-08T00:00:00Z
305.383389,2019-07-09T00:00:00Z
299.827244,2019-07-10T00:00:00Z
294.019473,2019-07-11T00:00:00Z
287.811265,2019-07-12T00:00:00Z
284.865348,2019-07-13T00:00:00Z
300.406076,2019-07-14T00:00:00Z
294.902705,2019-07-15T00:00:00Z
288.788619,2019-07-16T00:00:00Z
287.658913,2019-07-17T00:00:00Z
288.444794,2019-07-18T00:00:00Z
286.326182,2019-07-19T00:00:00Z
283.904055,2019-07-20T00:00:00Z
304.200492,2019-07-21T00:00:00Z
300.961395,2019-07-22T00:00:00Z
293.35276,2019-07-23T00:00:00Z
294.932589,2019-07-24T00:00:00Z
290.429816,2019-07-25T00:00:00Z
277.5539,2019-07-26T00:00:00Z
284.540418,2019-07-27T00:00:00Z
298.187059,2019-07-28T00:00:00Z
295.534539,2019-07-29T00:00:00Z
298.753413,2019-07-30T00:00:00Z
284.975776,2019-07-31T00:00:00Z
276.97562,2019-08-01T00:00:00Z
273.52077,2019-08-02T00:00:00Z
270.67917,2019-08-03T00:00:00Z
286.529333,2019-08-04T00:00:00Z
297.866167,2019-08-05T00:00:00Z
294.668447,2019-08-06T00:00:00Z
290.071182,2019-08-07T00:00:00Z
285.756621,2019-08-08T00:00:00Z
280.926162,2019-08-09T00:00:00Z
277.408267,2019-08-10T00:00:00Z
290.613285,2019-08-11T00:00:00Z
289.025563,2019-08-12T00:00:00Z
287.489981,2019-08-13T00:00:00Z
281.284736,2019-08-14T00:00:00Z
278.096083,2019-08-15T00:00:00Z
283.268223,2019-08-16T00:00:00Z
288.860413,2019-08-17T00:00:00Z
309.818374,2019-08-18T00:00:00Z
300.959491,2019-08-19T00:00:00Z
293.619467,2019-08-20T00:00:00Z
295.312099,2019-08-21T00:00:00Z
296.025362,2019-08-22T00:00:00Z
289.204023,2019-08-23T00:00:00Z
284.394693,2019-08-24T00:00:00Z
296.815326,2019-08-25T00:00:00Z
299.333762,2019-08-26T00:00:00Z
298.75971,2019-08-27T00:00:00Z
296.449239,2019-08-28T00:00:00Z
294.834069,2019-08-29T00:00:00Z
286.361686,2019-08-30T00:00:00Z
285.246298,2019-08-31T00:00:00Z
296.548832,2019-09-01T00:00:00Z
298.902066,2019-09-02T00:00:00Z
297.544907,2019-09-03T00:00:00Z
287.036811,2019-09-04T00:00:00Z
285.827792,2019-09-05T00:00:00Z
271.992026,2019-09-06T00:00:00Z
274.355652,2019-09-07T00:00:00Z
300.033073,2019-09-08T00:00:00Z
298.998995,2019-09-09T00:00:00Z
290.75835,2019-09-10T00:00:00Z
292.41489,2019-09-11T00:00:00Z
291.735837,2019-09-12T00:00:00Z
286.102444,2019-09-13T00:00:00Z
279.027012,2019-09-14T00:00:00Z
296.296404,2019-09-15T00:00:00Z
303.506933,2019-09-16T00:00:00Z
299.786995,2019-09-17T00:00:00Z
301.553744,2019-09-18T00:00:00Z
294.479616,2019-09-19T00:00:00Z
290.954026,2019-09-20T00:00:00Z
287.035184,2019-09-21T00:00:00Z
310.50442,2019-09-22T00:00:00Z
316.327149,2019-09-23T00:00:00Z
304.960205,2019-09-24T00:00:00Z
307.357159,2019-09-25T00:00:00Z
297.037745,2019-09-26T00:00:00Z
293.09126,2019-09-27T00:00:00Z
292.389952,2019-09-28T00:00:00Z
307.833203,2019-09-29T00:00:00Z
306.411979,2019-09-30T00:00:00Z
302.818715,2019-10-01T00:00:00Z
302.666184,2019-10-02T00:00:00Z
302.269646,2019-10-03T00:00:00Z
299.155503,2019-10-04T00:00:00Z
296.66453,2019-10-05T00:00:00Z
308.765682,2019-10-06T00:00:00Z
311.888963,2019-10-07T00:00:00Z
310.729874,2019-10-08T00:00:00Z
306.374044,2019-10-09T00:00:00Z
310.260265,2019-10-10T00:00:00Z
309.968451,2019-10-11T00:00:00Z
306.43843,2019-10-12T00:00:00Z
325.30477,2019-10-13T00:00:00Z
331.352342,2019-10-14T00:00:00Z
326.818059,2019-10-15T00:00:00Z
341.898107,2019-10-16T00:00:00Z
312.829274,2019-10-17T00:00:00Z
307.511209,2019-10-18T00:00:00Z
297.483886,2019-10-19T00:00:00Z
317.181674,2019-10-20T00:00:00Z
329.649722,2019-10-21T00:00:00Z
330.464705,2019-10-22T00:00:00Z
310.493936,2019-10-23T00:00:00Z
304.584901,2019-10-24T00:00:00Z
286.742586,2019-10-25T00:00:00Z
283.510291,2019-10-26T00:00:00Z
292.956882,2019-10-27T00:00:00Z
309.251344,2019-10-28T00:00:00Z
292.450295,2019-10-29T00:00:00Z
296.731999,2019-10-30T00:00:00Z
304.835472,2019-10-31T00:00:00Z
300.591661,2019-11-01T00:00:00Z
299.561467,2019-11-02T00:00:00Z
311.948968,2019-11-03T00:00:00Z
320.014368,2019-11-04T00:00:00Z
311.421633,2019-11-05T00:00:00Z
301.649576,2019-11-06T00:00:00Z
305.465343,2019-11-07T00:00:00Z
299.197111,2019-11-08T00:00:00Z
296.475357,2019-11-09T00:00:00Z
305.987406,2019-11-10T00:00:00Z
320.408583,2019-11-11T00:00:00Z
327.904948,2019-11-12T00:00:00Z
321.95897,2019-11-13T00:00:00Z
312.676538,2019-11-14T00:00:00Z
299.620332,2019-11-15T00:00:00Z
296.282247,2019-11-16T00:00:00Z
315.037556,2019-11-17T00:00:00Z
314.104544,2019-11-18T00:00:00Z
321.095614,2019-11-19T00:00:00Z
318.92793,2019-11-20T00:00:00Z
302.992815,2019-11-21T00:00:00Z
299.095167,2019-11-22T00:00:00Z
296.011146,2019-11-23T00:00:00Z
323.789877,2019-11-24T00:00:00Z
333.915692,2019-11-25T00:00:00Z
308.759714,2019-11-26T00:00:00Z
301.057402,2019-11-27T00:00:00Z
294.147011,2019-11-28T00:00:00Z
290.003114,2019-11-29T00:00:00Z
301.478838,2019-11-30T00:00:00Z
318.451733,2019-12-01T00:00:00Z
310.129265,2019-12-02T00:00:00Z
317.285266,2019-12-03T00:00:00Z
311.102117,2019-12-04T00:00:00Z
300.014209,2019-12-05T00:00:00Z
290.645719,2019-12-06T00:00:00Z
293.641577,2019-12-07T00:00:00Z
309.244196,2019-12-08T00:00:00Z
317.219599,2019-12-09T00:00:00Z
306.071509,2019-12-10T00:00:00Z
315.019913,2019-12-11T00:00:00Z
297.251931,2019-12-12T00:00:00Z
294.513879,2019-12-13T00:00:00Z
295.495321,2019-12-14T00:00:00Z
311.94345,2019-12-15T00:00:00Z
312.705415,2019-12-16T00:00:00Z
328.855629,2019-12-17T00:00:00Z
331.853139,2019-12-18T00:00:00Z
305.998607,2019-12-19T00:00:00Z
290.614823,2019-12-20T00:00:00Z
289.387001,2019-12-21T00:00:00Z
303.268686,2019-12-22T00:00:00Z
299.17568,2019-12-23T00:00:00Z
284.88043,2019-12-24T00:00:00Z
281.333834,2019-12-25T00:00:00Z
290.633895,2019-12-26T00:00:00Z
296.54731,2019-12-27T00:00:00Z
298.960227,2019-12-28T00:00:00Z
309.414913,2019-12-29T00:00:00Z
321.844883,2019-12-30T00:00:00Z
287.639064,2019-12-31T00:00:00Z
301.607319,2020-01-01T00:00:00Z
317.180685,2020-01-02T00:00:00Z
317.13236,2020-01-03T00:00:00Z
317.763166,2020-01-04T00:00:00Z
336.518174,2020-01-05T00:00:00Z
339.156212,2020-01-06T00:00:00Z
326.393482,2020-01-07T00:00:00Z
314.370583,2020-01-08T00:00:00Z
314.445982,2020-01-09T00:00:00Z
316.619346,2020-01-10T00:00:00Z
315.780645,2020-01-11T00:00:00Z
332.584291,2020-01-12T00:00:00Z
333.259609,2020-01-13T00:00:00Z
330.552462,2020-01-14T00:00:00Z
320.69566,2020-01-15T00:00:00Z
320.678334,2020-01-16T00:00:00Z
309.863416,2020-01-17T00:00:00Z
306.078279,2020-01-18T00:00:00Z
330.162376,2020-01-19T00:00:00Z
334.43058,2020-01-20T00:00:00Z
317.784272,2020-01-21T00:00:00Z
317.090826,2020-01-22T00:00:00Z
312.337635,2020-01-23T00:00:00Z
309.102373,2020-01-24T00:00:00Z
305.867025,2020-01-25T00:00:00Z
323.337725,2020-01-26T00:00:00Z
338.737556,2020-01-27T00:00:00Z
321.380281,2020-01-28T00:00:00Z
309.700994,2020-01-29T00:00:00Z
307.379686,2020-01-30T00:00:00Z
297.766535,2020-01-31T00:00:00Z
291.398979,2020-02-01T00:00:00Z
310.768149,2020-02-02T00:00:00Z
319.710638,2020-02-03T00:00:00Z
311.981999,2020-02-04T00:00:00Z
318.619483,2020-02-05T00:00:00Z
312.004552,2020-02-06T00:00:00Z
303.515886,2020-02-07T00:00:00Z
323.249419,2020-02-08T00:00:00Z
326.460121,2020-02-09T00:00:00Z
339.969953,2020-02-10T00:00:00Z
314.033484,2020-02-11T00:00:00Z
310.624271,2020-02-12T00:00:00Z
305.075023,2020-02-13T00:00:00Z
300.335647,2020-02-14T00:00:00Z
305.581585,2020-02-15T00:00:00Z
325.281635,2020-02-16T00:00:00Z
321.693764,2020-02-17T00:00:00Z
317.235032,2020-02-18T00:00:00Z
313.174467,2020-02-19T00:00:00Z
309.759357,2020-02-20T00:00:00Z
296.441193,2020-02-21T00:00:00Z
296.866306,2020-02-22T00:00:00Z
314.144249,2020-02-23T00:00:00Z
312.210556,2020-02-24T00:00:00Z
304.690441,2020-02-25T00:00:00Z
300.630011,2020-02-26T00:00:00Z
301.758893,2020-02-27T00:00:00Z
293.026603,2020-02-28T00:00:00Z
295.200965,2020-02-29T00:00:00Z
318.856731,2020-03-01T00:00:00Z
310.34811,2020-03-02T00:00:00Z
307.484816,2020-03-03T00:00:00Z
304.43165,2020-03-04T00:00:00Z
301.752304,2020-03-05T00:00:00Z
298.164587,2020-03-06T00:00:00Z
289.651461,2020-03-07T00:00:00Z
309.208029,2020-03-08T00:00:00Z
310.713053,2020-03-09T00:00:00Z
304.132367,2020-03-10T00:00:00Z
300.053858,2020-03-11T00:00:00Z
287.860709,2020-03-12T00:00:00Z
278.904252,2020-03-13T00:00:00Z
287.563627,2020-03-14T00:00:00Z
307.431226,2020-03-15T00:00:00Z
287.583759,2020-03-16T00:00:00Z
284.529003,2020-03-17T00:00:00Z
287.969083,2020-03-18T00:00:00Z
293.991687,2020-03-19T00:00:00Z
303.001687,2020-03-20T00:00:00Z
316.944483,2020-03-21T00:00:00Z
330.058752,2020-03-22T00:00:00Z
314.767056,2020-03-23T00:00:00Z
322.49938,2020-03-24T00:00:00Z
322.034836,2020-03-25T00:00:00Z
329.052739,2020-03-26T00:00:00Z
331.781862,2020-03-27T00:00:00Z
343.158521,2020-03-28T00:00:00Z
366.672604,2020-03-29T00:00:00Z
346.538299,2020-03-30T00:00:00Z
339.639055,2020-03-31T00:00:00Z
345.036778,2020-04-01T00:00:00Z
363.572164,2020-04-02T00:00:00Z
362.382283,2020-04-03T00:00:00Z
377.694714,2020-04-04T00:00:00Z
386.67876,2020-04-05T00:00:00Z
372.673683,2020-04-06T00:00:00Z
358.725797,2020-04-07T00:00:00Z
361.540096,2020-04-08T00:00:00Z
373.888317,2020-04-09T00:00:00Z
387.365535,2020-04-10T00:00:00Z
374.787811,2020-04-11T00:00:00Z
389.832466,2020-04-12T00:00:00Z
386.713177,2020-04-13T00:00:00Z
370.467129,2020-04-14T00:00:00Z
360.801393,2020-04-15T00:00:00Z
363.517985,2020-04-16T00:00:00Z
370.56647,2020-04-17T00:00:00Z
384.117144,2020-04-18T00:00:00Z
392.097332,2020-04-19T00:00:00Z
383.872298,2020-04-20T00:00:00Z
380.040469,2020-04-21T00:00:00Z
376.834595,2020-04-22T00:00:00Z
373.714228,2020-04-23T00:00:00Z
369.577352,2020-04-24T00:00:00Z
380.578938,2020-04-25T00:00:00Z
400.173009,2020-04-26T00:00:00Z
390.498991,2020-04-27T00:00:00Z
377.01824,2020-04-28T00:00:00Z
384.315863,2020-04-29T00:00:00Z
382.262497,2020-04-30T00:00:00Z
366.093368,2020-05-01T00:00:00Z
378.095335,2020-05-02T00:00:00Z
389.058822,2020-05-03T00:00:00Z
375.907168,2020-05-04T00:00:00Z
372.819343,2020-05-05T00:00:00Z
367.263558,2020-05-06T00:00:00Z
358.007361,2020-05-07T00:00:00Z
355.508228,2020-05-08T00:00:00Z
369.805146,2020-05-09T00:00:00Z
374.658096,2020-05-10T00:00:00Z
361.839912,2020-05-11T00:00:00Z
356.295399,2020-05-12T00:00:00Z
351.381993,2020-05-13T00:00:00Z
351.628007,2020-05-14T00:00:00Z
344.495323,2020-05-15T00:00:00Z
344.778221,2020-05-16T00:00:00Z
359.215559,2020-05-17T00:00:00Z
356.467834,2020-05-18T00:00:00Z
348.285397,2020-05-19T00:00:00Z
343.957885,2020-05-20T00:00:00Z
335.156968,2020-05-21T00:00:00Z
332.556996,2020-05-22T00:00:00Z
347.351011,2020-05-23T00:00:00Z
344.62584,2020-05-24T00:00:00Z
350.184433,2020-05-25T00:00:00Z
343.25963,2020-05-26T00:00:00Z
339.741259,2020-05-27T00:00:00Z
333.188866,2020-05-28T00:00:00Z
325.48516,2020-05-29T00:00:00Z
329.77976,2020-05-30T00:00:00Z
341.499973,2020-05-31T00:00:00Z
328.808773,2020-06-01T00:00:00Z
327.595575,2020-06-02T00:00:00Z
325.019889,2020-06-03T00:00:00Z
326.191687,2020-06-04T00:00:00Z
321.382287,2020-06-05T00:00:00Z
325.274332,2020-06-06T00:00:00Z
346.411414,2020-06-07T00:00:00Z
337.642371,2020-06-08T00:00:00Z
329.874515,2020-06-09T00:00:00Z
331.654381,2020-06-10T00:00:00Z
330.444012,2020-06-11T00:00:00Z
323.395733,2020-06-12T00:00:00Z
316.805801,2020-06-13T00:00:00Z
335.378851,2020-06-14T00:00:00Z
325.345291,2020-06-15T00:00:00Z
324.456791,2020-06-16T00:00:00Z
317.637783,2020-06-17T00:00:00Z
318.076624,2020-06-18T00:00:00Z
315.155655,2020-06-19T00:00:00Z
315.36508,2020-06-20T00:00:00Z
324.829153,2020-06-21T00:00:00Z
318.668474,2020-06-22T00:00:00Z
307.362199,2020-06-23T00:00:00Z
304.843975,2020-06-24T00:00:00Z
301.669575,2020-06-25T00:00:00Z
298.098618,2020-06-26T00:00:00Z
312.031192,2020-06-27T00:00:00Z
321.602866,2020-06-28T00:00:00Z
315.418728,2020-06-29T00:00:00Z
306.232246,2020-06-30T00:00:00Z
301.567444,2020-07-01T00:00:00Z
304.616009,2020-07-02T00:00:00Z
303.296129,2020-07-03T00:00:00Z
324.983901,2020-07-04T00:00:00Z
325.3623,2020-07-05T00:00:00Z
322.556817,2020-07-06T00:00:00Z
315.431586,2020-07-07T00:00:00Z
315.376829,2020-07-08T00:00:00Z
314.674268,2020-07-09T00:00:00Z
308.037079,2020-07-10T00:00:00Z
317.531346,2020-07-11T00:00:00Z
321.909509,2020-07-12T00:00:00Z
325.405783,2020-07-13T00:00:00Z
314.638513,2020-07-14T00:00:00Z
306.725849,2020-07-15T00:00:00Z
307.161161,2020-07-16T00:00:00Z
314.789174,2020-07-17T00:00:00Z
318.465022,2020-07-18T00:00:00Z
328.088707,2020-07-19T00:00:00Z
318.61139,2020-07-20T00:00:00Z
312.013356,2020-07-21T00:00:00Z
306.766065,2020-07-22T00:00:00Z
307.694204,2020-07-23T00:00:00Z
304.069906,2020-07-24T00:00:00Z
314.413358,2020-07-25T00:00:00Z
329.225053,2020-07-26T00:00:00Z
321.018133,2020-07-27T00:00:00Z
312.505368,2020-07-28T00:00:00Z
305.078014,2020-07-29T00:00:00Z
302.200188,2020-07-30T00:00:00Z
293.093582,2020-07-31T00:00:00Z
298.558746,2020-08-01T00:00:00Z
316.923236,2020-08-02T00:00:00Z
301.642936,2020-08-03T00:00:00Z
301.673561,2020-08-04T00:00:00Z
305.141101,2020-08-05T00:00:00Z
296.871668,2020-08-06T00:00:00Z
288.189222,2020-08-07T00:00:00Z
291.69174400000003,2020-08-08T00:00:00Z
315.01956,2020-08-09T00:00:00Z
309.838462,2020-08-10T00:00:00Z
306.248503,2020-08-11T00:00:00Z
307.22569,2020-08-12T00:00:00Z
302.517914,2020-08-13T00:00:00Z
304.060771,2020-08-14T00:00:00Z
306.757386,2020-08-15T00:00:00Z
320.0327,2020-08-16T00:00:00Z
307.3736,2020-08-17T00:00:00Z
301.948372,2020-08-18T00:00:00Z
304.177572,2020-08-19T00:00:00Z
302.521436,2020-08-20T00:00:00Z
301.71094,2020-08-21T00:00:00Z
301.519025,2020-08-22T00:00:00Z
319.72998,2020-08-23T00:00:00Z
310.803675,2020-08-24T00:00:00Z
307.644892,2020-08-25T00:00:00Z
304.089116,2020-08-26T00:00:00Z
303.31772,2020-08-27T00:00:00Z
298.830818,2020-08-28T00:00:00Z
314.457197,2020-08-29T00:00:00Z
310.782652,2020-08-30T00:00:00Z
307.268207,2020-08-31T00:00:00Z
292.993516,2020-09-01T00:00:00Z
299.833922,2020-09-02T00:00:00Z
297.95282,2020-09-03T00:00:00Z
289.423501,2020-09-04T00:00:00Z
292.078401,2020-09-05T00:00:00Z
309.9592,2020-09-06T00:00:00Z
315.481158,2020-09-07T00:00:00Z
306.227994,2020-09-08T00:00:00Z
305.371203,2020-09-09T00:00:00Z
304.301247,2020-09-10T00:00:00Z
310.774573,2020-09-11T00:00:00Z
309.687449,2020-09-12T00:00:00Z
325.471427,2020-09-13T00:00:00Z
325.58876,2020-09-14T00:00:00Z
315.608413,2020-09-15T00:00:00Z
316.113986,2020-09-16T00:00:00Z
305.852936,2020-09-17T00:00:00Z
298.01936,2020-09-18T00:00:00Z
308.511956,2020-09-19T00:00:00Z
322.679191,2020-09-20T00:00:00Z
328.858688,2020-09-21T00:00:00Z
316.31533,2020-09-22T00:00:00Z
318.656776,2020-09-23T00:00:00Z
310.233776,2020-09-24T00:00:00Z
300.95363,2020-09-25T00:00:00Z
305.326009,2020-09-26T00:00:00Z
320.530845,2020-09-27T00:00:00Z
314.370902,2020-09-28T00:00:00Z
308.435585,2020-09-29T00:00:00Z
302.71004,2020-09-30T00:00:00Z
297.491705,2020-10-01T00:00:00Z
294.092738,2020-10-02T00:00:00Z
295.968913,2020-10-03T00:00:00Z
310.988409,2020-10-04T00:00:00Z
314.390414,2020-10-05T00:00:00Z
319.234554,2020-10-06T00:00:00Z
326.01939,2020-10-07T00:00:00Z
322.445182,2020-10-08T00:00:00Z
314.556187,2020-10-09T00:00:00Z
314.649225,2020-10-10T00:00:00Z
327.725466,2020-10-11T00:00:00Z
339.256168,2020-10-12T00:00:00Z
319.484413,2020-10-13T00:00:00Z
320.591226,2020-10-14T00:00:00Z
322.141669,2020-10-15T00:00:00Z
317.367327,2020-10-16T00:00:00Z
313.88619,2020-10-17T00:00:00Z
324.634153,2020-10-18T00:00:00Z
329.24543,2020-10-19T00:00:00Z
317.950422,2020-10-20T00:00:00Z
319.548655,2020-10-21T00:00:00Z
317.721073,2020-10-22T00:00:00Z
303.703654,2020-10-23T00:00:00Z
317.203875,2020-10-24T00:00:00Z
326.050816,2020-10-25T00:00:00Z
326.21826,2020-10-26T00:00:00Z
326.311806,2020-10-27T00:00:00Z
325.31217,2020-10-28T00:00:00Z
319.959819,2020-10-29T00:00:00Z
313.238534,2020-10-30T00:00:00Z
310.265432,2020-10-31T00:00:00Z
324.06394,2020-11-01T00:00:00Z
332.246069,2020-11-02T00:00:00Z
331.863648,2020-11-03T00:00:00Z
354.845527,2020-11-04T00:00:00Z
333.531657,2020-11-05T00:00:00Z
328.316042,2020-11-06T00:00:00Z
339.56866,2020-11-07T00:00:00Z
367.480152,2020-11-08T00:00:00Z
344.279866,2020-11-09T00:00:00Z
339.643355,2020-11-10T00:00:00Z
339.742773,2020-11-11T00:00:00Z
337.39292,2020-11-12T00:00:00Z
322.19196,2020-11-13T00:00:00Z
318.546217,2020-11-14T00:00:00Z
342.60354,2020-11-15T00:00:00Z
336.724255,2020-11-16T00:00:00Z
333.541208,2020-11-17T00:00:00Z
334.607969,2020-11-18T00:00:00Z
335.330496,2020-11-19T00:00:00Z
326.58605,2020-11-20T00:00:00Z
327.071395,2020-11-21T00:00:00Z
342.718527,2020-11-22T00:00:00Z
338.098401,2020-11-23T00:00:00Z
323.615229,2020-11-24T00:00:00Z
324.413478,2020-11-25T00:00:00Z
319.252872,2020-11-26T00:00:00Z
312.104388,2020-11-27T00:00:00Z
322.97659,2020-11-28T00:00:00Z
336.862988,2020-11-29T00:00:00Z
329.125568,2020-11-30T00:00:00Z
314.633169,2020-12-01T00:00:00Z
314.376703,2020-12-02T00:00:00Z
316.400721,2020-12-03T00:00:00Z
310.451153,2020-12-04T00:00:00Z
319.531433,2020-12-05T00:00:00Z
335.022634,2020-12-06T00:00:00Z
331.909421,2020-12-07T00:00:00Z
322.846018,2020-12-08T00:00:00Z
320.147288,2020-12-09T00:00:00Z
315.496668,2020-12-10T00:00:00Z
316.247427,2020-12-11T00:00:00Z
321.650014,2020-12-12T00:00:00Z
336.655524,2020-12-13T00:00:00Z
338.90517,2020-12-14T00:00:00Z
318.706155,2020-12-15T00:00:00Z
326.584857,2020-12-16T00:00:00Z
308.614514,2020-12-17T00:00:00Z
306.301192,2020-12-18T00:00:00Z
305.222076,2020-12-19T00:00:00Z
320.764286,2020-12-20T00:00:00Z
308.41990500000003,2020-12-21T00:00:00Z
305.163975,2020-12-22T00:00:00Z
300.152536,2020-12-23T00:00:00Z
292.411425,2020-12-24T00:00:00Z
296.889167,2020-12-25T00:00:00Z
319.552715,2020-12-26T00:00:00Z
335.627774,2020-12-27T00:00:00Z
329.61643,2020-12-28T00:00:00Z
324.995439,2020-12-29T00:00:00Z
319.973683,2020-12-30T00:00:00Z
303.485802,2020-12-31T00:00:00Z
320.916982,2021-01-01T00:00:00Z
342.942096,2021-01-02T00:00:00Z
348.913976,2021-01-03T00:00:00Z
335.991143,2021-01-04T00:00:00Z
331.791204,2021-01-05T00:00:00Z
331.5602,2021-01-06T00:00:00Z
328.94986,2021-01-07T00:00:00Z
326.41122,2021-01-08T00:00:00Z
335.779438,2021-01-09T00:00:00Z
350.059568,2021-01-10T00:00:00Z
342.930347,2021-01-11T00:00:00Z
337.88124,2021-01-12T00:00:00Z
335.589992,2021-01-13T00:00:00Z
333.170355,2021-01-14T00:00:00Z
321.946195,2021-01-15T00:00:00Z
326.957646,2021-01-16T00:00:00Z
342.396882,2021-01-17T00:00:00Z
339.872367,2021-01-18T00:00:00Z
330.336727,2021-01-19T00:00:00Z
344.2832,2021-01-20T00:00:00Z
331.508596,2021-01-21T00:00:00Z
323.469988,2021-01-22T00:00:00Z
327.85111,2021-01-23T00:00:00Z
347.360633,2021-01-24T00:00:00Z
336.760332,2021-01-25T00:00:00Z
331.77666,2021-01-26T00:00:00Z
330.370457,2021-01-27T00:00:00Z
322.536174,2021-01-28T00:00:00Z
318.312428,2021-01-29T00:00:00Z
326.517038,2021-01-30T00:00:00Z
339.22742,2021-01-31T00:00:00Z
340.579862,2021-02-01T00:00:00Z
327.733774,2021-02-02T00:00:00Z
335.044562,2021-02-03T00:00:00Z
326.653859,2021-02-04T00:00:00Z
319.121401,2021-02-05T00:00:00Z
325.072702,2021-02-06T00:00:00Z
342.989898,2021-02-07T00:00:00Z
340.416749,2021-02-08T00:00:00Z
323.356858,2021-02-09T00:00:00Z
317.182967,2021-02-10T00:00:00Z
322.595434,2021-02-11T00:00:00Z
318.765255,2021-02-12T00:00:00Z
325.742587,2021-02-13T00:00:00Z
342.112736,2021-02-14T00:00:00Z
335.088757,2021-02-15T00:00:00Z
328.079385,2021-02-16T00:00:00Z
331.114729,2021-02-17T00:00:00Z
332.988685,2021-02-18T00:00:00Z
335.40168,2021-02-19T00:00:00Z
330.006919,2021-02-20T00:00:00Z
347.175839,2021-02-21T00:00:00Z
345.509691,2021-02-22T00:00:00Z
336.745521,2021-02-23T00:00:00Z
337.037139,2021-02-24T00:00:00Z
334.473546,2021-02-25T00:00:00Z
318.744471,2021-02-26T00:00:00Z
319.737168,2021-02-27T00:00:00Z
338.492349,2021-02-28T00:00:00Z
341.604678,2021-03-01T00:00:00Z
328.234939,2021-03-02T00:00:00Z
320.481151,2021-03-03T00:00:00Z
317.720859,2021-03-04T00:00:00Z
317.162671,2021-03-05T00:00:00Z
317.560595,2021-03-06T00:00:00Z
336.255281,2021-03-07T00:00:00Z
333.686595,2021-03-08T00:00:00Z
322.586627,2021-03-09T00:00:00Z
323.383823,2021-03-10T00:00:00Z
320.553529,2021-03-11T00:00:00Z
309.97756,2021-03-12T00:00:00Z
316.31455,2021-03-13T00:00:00Z
341.662279,2021-03-14T00:00:00Z
337.079848,2021-03-15T00:00:00Z
319.980306,2021-03-16T00:00:00Z
317.696171,2021-03-17T00:00:00Z
317.65517,2021-03-18T00:00:00Z
314.673791,2021-03-19T00:00:00Z
311.791462,2021-03-20T00:00:00Z
320.891857,2021-03-21T00:00:00Z
318.383954,2021-03-22T00:00:00Z
314.50818400000003,2021-03-23T00:00:00Z
321.701621,2021-03-24T00:00:00Z
326.361792,2021-03-25T00:00:00Z
313.623533,2021-03-26T00:00:00Z
316.74566,2021-03-27T00:00:00Z
342.674241,2021-03-28T00:00:00Z
327.962787,2021-03-29T00:00:00Z
312.580732,2021-03-30T00:00:00Z
314.485844,2021-03-31T00:00:00Z
314.696144,2021-04-01T00:00:00Z
317.579547,2021-04-02T00:00:00Z
325.145429,2021-04-03T00:00:00Z
326.952313,2021-04-04T00:00:00Z
337.809201,2021-04-05T00:00:00Z
326.203486,2021-04-06T00:00:00Z
321.216765,2021-04-07T00:00:00Z
319.668832,2021-04-08T00:00:00Z
330.827484,2021-04-09T00:00:00Z
328.963627,2021-04-10T00:00:00Z
339.761794,2021-04-11T00:00:00Z
331.28087,2021-04-12T00:00:00Z
323.038101,2021-04-13T00:00:00Z
320.909029,2021-04-14T00:00:00Z
316.579453,2021-04-15T00:00:00Z
315.708497,2021-04-16T00:00:00Z
327.800661,2021-04-17T00:00:00Z
336.864743,2021-04-18T00:00:00Z
328.021462,2021-04-19T00:00:00Z
324.776428,2021-04-20T00:00:00Z
319.103474,2021-04-21T00:00:00Z
317.510339,2021-04-22T00:00:00Z
313.482177,2021-04-23T00:00:00Z
314.990803,2021-04-24T00:00:00Z
332.072626,2021-04-25T00:00:00Z
334.959234,2021-04-26T00:00:00Z
315.573926,2021-04-27T00:00:00Z
313.908861,2021-04-28T00:00:00Z
310.831049,2021-04-29T00:00:00Z
305.879778,2021-04-30T00:00:00Z
310.074207,2021-05-01T00:00:00Z
321.427226,2021-05-02T00:00:00Z
329.518899,2021-05-03T00:00:00Z
316.453482,2021-05-04T00:00:00Z
316.305362,2021-05-05T00:00:00Z
311.700007,2021-05-06T00:00:00Z
310.059042,2021-05-07T00:00:00Z
311.722273,2021-05-08T00:00:00Z
322.400956,2021-05-09T00:00:00Z
327.672044,2021-05-10T00:00:00Z
321.23218,2021-05-11T00:00:00Z
318.785676,2021-05-12T00:00:00Z
310.706076,2021-05-13T00:00:00Z
314.803798,2021-05-14T00:00:00Z
309.764095,2021-05-15T00:00:00Z
326.233236,2021-05-16T00:00:00Z
328.904892,2021-05-17T00:00:00Z
320.306743,2021-05-18T00:00:00Z
309.904967,2021-05-19T00:00:00Z
311.921932,2021-05-20T00:00:00Z
305.70139,2021-05-21T00:00:00Z
305.456576,2021-05-22T00:00:00Z
334.565836,2021-05-23T00:00:00Z
331.728808,2021-05-24T00:00:00Z
321.960612,2021-05-25T00:00:00Z
320.438194,2021-05-26T00:00:00Z
317.758091,2021-05-27T00:00:00Z
313.760955,2021-05-28T00:00:00Z
321.560628,2021-05-29T00:00:00Z
327.107038,2021-05-30T00:00:00Z
321.098013,2021-05-31T00:00:00Z
316.004515,2021-06-01T00:00:00Z
319.181211,2021-06-02T00:00:00Z
311.290159,2021-06-03T00:00:00Z
303.261685,2021-06-04T00:00:00Z
289.61865,2021-06-05T00:00:00Z
309.609402,2021-06-06T00:00:00Z
315.046421,2021-06-07T00:00:00Z
302.029278,2021-06-08T00:00:00Z
301.182357,2021-06-09T00:00:00Z
299.566034,2021-06-10T00:00:00Z
295.146233,2021-06-11T00:00:00Z
292.573132,2021-06-12T00:00:00Z
304.191512,2021-06-13T00:00:00Z
304.234855,2021-06-14T00:00:00Z
293.822377,2021-06-15T00:00:00Z
289.955735,2021-06-16T00:00:00Z
303.896926,2021-06-17T00:00:00Z
290.801957,2021-06-18T00:00:00Z
292.129254,2021-06-19T00:00:00Z
300.519918,2021-06-20T00:00:00Z
300.304853,2021-06-21T00:00:00Z
294.117399,2021-06-22T00:00:00Z
295.340368,2021-06-23T00:00:00Z
294.557545,2021-06-24T00:00:00Z
289.140853,2021-06-25T00:00:00Z
292.109164,2021-06-26T00:00:00Z
307.247279,2021-06-27T00:00:00Z
310.044814,2021-06-28T00:00:00Z
314.337264,2021-06-29T00:00:00Z
316.834474,2021-06-30T00:00:00Z
325.657505,2021-07-01T00:00:00Z
315.59065,2021-07-02T00:00:00Z
321.193498,2021-07-03T00:00:00Z
326.276552,2021-07-04T00:00:00Z
330.929285,2021-07-05T00:00:00Z
333.600269,2021-07-06T00:00:00Z
338.11721,2021-07-07T00:00:00Z
317.444763,2021-07-08T00:00:00Z
305.267364,2021-07-09T00:00:00Z
296.026188,2021-07-10T00:00:00Z
329.266188,2021-07-11T00:00:00Z
321.191635,2021-07-12T00:00:00Z
313.264683,2021-07-13T00:00:00Z
310.744358,2021-07-14T00:00:00Z
310.570389,2021-07-15T00:00:00Z
304.892647,2021-07-16T00:00:00Z
307.335303,2021-07-17T00:00:00Z
319.047647,2021-07-18T00:00:00Z
314.126138,2021-07-19T00:00:00Z
313.599233,2021-07-20T00:00:00Z
307.130157,2021-07-21T00:00:00Z
315.73439,2021-07-22T00:00:00Z
324.278081,2021-07-23T00:00:00Z
315.454719,2021-07-24T00:00:00Z
328.157219,2021-07-25T00:00:00Z
325.222226,2021-07-26T00:00:00Z
319.207475,2021-07-27T00:00:00Z
313.02578,2021-07-28T00:00:00Z
313.957121,2021-07-29T00:00:00Z
315.764037,2021-07-30T00:00:00Z
318.625355,2021-07-31T00:00:00Z
